3,Title 1,this is description of second task,Just Begin,0001-01-01 00:00:00 +0000 UTC,0001-01-01 00:00:00 +0000 UTC
131,Title 129,this is description of second task,Just Begin,0001-01-01 00:00:00 +0000 UTC,0001-01-01 00:00:00 +0000 UTC
178,Title 176,this is description of second task,Just Begin,0001-01-01 00:00:00 +0000 UTC,0001-01-01 00:00:00 +0000 UTC
285,Title 283,this is description of second task,Just Begin,0001-01-01 00:00:00 +0000 UTC,0001-01-01 00:00:00 +0000 UTC
988,Title 986,this is description of second task,Just Begin,0001-01-01 00:00:00 +0000 UTC,0001-01-01 00:00:00 +0000 UTC
145,Title 143,this is description of second task,Just Begin,0001-01-01 00:00:00 +0000 UTC,0001-01-01 00:00:00 +0000 UTC
202,Title 200,this is description of second task,Just Begin,0001-01-01 00:00:00 +0000 UTC,0001-01-01 00:00:00 +0000 UTC
245,Title 243,this is description of second task,Just Begin,0001-01-01 00:00:00 +0000 UTC,0001-01-01 00:00:00 +0000 UTC
431,Title 429,this is description of second task,Just Begin,0001-01-01 00:00:00 +0000 UTC,0001-01-01 00:00:00 +0000 UTC
629,Title 627,this is description of second task,Just Begin,0001-01-01 00:00:00 +0000 UTC,0001-01-01 00:00:00 +0000 UTC
60,Title 58,this is description of second task,Just Begin,0001-01-01 00:00:00 +0000 UTC,0001-01-01 00:00:00 +0000 UTC
126,Title 124,this is description of second task,Just Begin,0001-01-01 00:00:00 +0000 UTC,0001-01-01 00:00:00 +0000 UTC
881,Title 879,this is description of second task,Just Begin,0001-01-01 00:00:00 +0000 UTC,0001-01-01 00:00:00 +0000 UTC
168,Title 166,this is description of second task,Just Begin,0001-01-01 00:00:00 +0000 UTC,0001-01-01 00:00:00 +0000 UTC
548,Title 546,this is description of second task,Just Begin,0001-01-01 00:00:00 +0000 UTC,0001-01-01 00:00:00 +0000 UTC
688,Title 686,this is description of second task,Just Begin,0001-01-01 00:00:00 +0000 UTC,0001-01-01 00:00:00 +0000 UTC
710,Title 708,this is description of second task,Just Begin,0001-01-01 00:00:00 +0000 UTC,0001-01-01 00:00:00 +0000 UTC
792,Title 790,this is description of second task,Just Begin,0001-01-01 00:00:00 +0000 UTC,0001-01-01 00:00:00 +0000 UTC
385,Title 383,this is description of second task,Just Begin,0001-01-01 00:00:00 +0000 UTC,0001-01-01 00:00:00 +0000 UTC
430,Title 428,this is description of second task,Just Begin,0001-01-01 00:00:00 +0000 UTC,0001-01-01 00:00:00 +0000 UTC
922,Title 920,this is description of second task,Just Begin,0001-01-01 00:00:00 +0000 UTC,0001-01-01 00:00:00 +0000 UTC
936,Title 934,this is description of second task,Just Begin,0001-01-01 00:00:00 +0000 UTC,0001-01-01 00:00:00 +0000 UTC
59,Title 57,this is description of second task,Just Begin,0001-01-01 00:00:00 +0000 UTC,0001-01-01 00:00:00 +0000 UTC
203,Title 201,this is description of second task,Just Begin,0001-01-01 00:00:00 +0000 UTC,0001-01-01 00:00:00 +0000 UTC
368,Title 366,this is description of second task,Just Begin,0001-01-01 00:00:00 +0000 UTC,0001-01-01 00:00:00 +0000 UTC
619,Title 617,this is description of second task,Just Begin,0001-01-01 00:00:00 +0000 UTC,0001-01-01 00:00:00 +0000 UTC
877,Title 875,this is description of second task,Just Begin,0001-01-01 00:00:00 +0000 UTC,0001-01-01 00:00:00 +0000 UTC
942,Title 940,this is description of second task,Just Begin,0001-01-01 00:00:00 +0000 UTC,0001-01-01 00:00:00 +0000 UTC
275,Title 273,this is description of second task,Just Begin,0001-01-01 00:00:00 +0000 UTC,0001-01-01 00:00:00 +0000 UTC
352,Title 350,this is description of second task,Just Begin,0001-01-01 00:00:00 +0000 UTC,0001-01-01 00:00:00 +0000 UTC
367,Title 365,this is description of second task,Just Begin,0001-01-01 00:00:00 +0000 UTC,0001-01-01 00:00:00 +0000 UTC
574,Title 572,this is description of second task,Just Begin,0001-01-01 00:00:00 +0000 UTC,0001-01-01 00:00:00 +0000 UTC
586,Title 584,this is description of second task,Just Begin,0001-01-01 00:00:00 +0000 UTC,0001-01-01 00:00:00 +0000 UTC
122,Title 120,this is description of second task,Just Begin,0001-01-01 00:00:00 +0000 UTC,0001-01-01 00:00:00 +0000 UTC
543,Title 541,this is description of second task,Just Begin,0001-01-01 00:00:00 +0000 UTC,0001-01-01 00:00:00 +0000 UTC
599,Title 597,this is description of second task,Just Begin,0001-01-01 00:00:00 +0000 UTC,0001-01-01 00:00:00 +0000 UTC
937,Title 935,this is description of second task,Just Begin,0001-01-01 00:00:00 +0000 UTC,0001-01-01 00:00:00 +0000 UTC
149,Title 147,this is description of second task,Just Begin,0001-01-01 00:00:00 +0000 UTC,0001-01-01 00:00:00 +0000 UTC
261,Title 259,this is description of second task,Just Begin,0001-01-01 00:00:00 +0000 UTC,0001-01-01 00:00:00 +0000 UTC
479,Title 477,this is description of second task,Just Begin,0001-01-01 00:00:00 +0000 UTC,0001-01-01 00:00:00 +0000 UTC
484,Title 482,this is description of second task,Just Begin,0001-01-01 00:00:00 +0000 UTC,0001-01-01 00:00:00 +0000 UTC
180,Title 178,this is description of second task,Just Begin,0001-01-01 00:00:00 +0000 UTC,0001-01-01 00:00:00 +0000 UTC
442,Title 440,this is description of second task,Just Begin,0001-01-01 00:00:00 +0000 UTC,0001-01-01 00:00:00 +0000 UTC
580,Title 578,this is description of second task,Just Begin,0001-01-01 00:00:00 +0000 UTC,0001-01-01 00:00:00 +0000 UTC
880,Title 878,this is description of second task,Just Begin,0001-01-01 00:00:00 +0000 UTC,0001-01-01 00:00:00 +0000 UTC
989,Title 987,this is description of second task,Just Begin,0001-01-01 00:00:00 +0000 UTC,0001-01-01 00:00:00 +0000 UTC
157,Title 155,this is description of second task,Just Begin,0001-01-01 00:00:00 +0000 UTC,0001-01-01 00:00:00 +0000 UTC
648,Title 646,this is description of second task,Just Begin,0001-01-01 00:00:00 +0000 UTC,0001-01-01 00:00:00 +0000 UTC
259,Title 257,this is description of second task,Just Begin,0001-01-01 00:00:00 +0000 UTC,0001-01-01 00:00:00 +0000 UTC
982,Title 980,this is description of second task,Just Begin,0001-01-01 00:00:00 +0000 UTC,0001-01-01 00:00:00 +0000 UTC
274,Title 272,this is description of second task,Just Begin,0001-01-01 00:00:00 +0000 UTC,0001-01-01 00:00:00 +0000 UTC
334,Title 332,this is description of second task,Just Begin,0001-01-01 00:00:00 +0000 UTC,0001-01-01 00:00:00 +0000 UTC
498,Title 496,this is description of second task,Just Begin,0001-01-01 00:00:00 +0000 UTC,0001-01-01 00:00:00 +0000 UTC
426,Title 424,this is description of second task,Just Begin,0001-01-01 00:00:00 +0000 UTC,0001-01-01 00:00:00 +0000 UTC
444,Title 442,this is description of second task,Just Begin,0001-01-01 00:00:00 +0000 UTC,0001-01-01 00:00:00 +0000 UTC
557,Title 555,this is description of second task,Just Begin,0001-01-01 00:00:00 +0000 UTC,0001-01-01 00:00:00 +0000 UTC
593,Title 591,this is description of second task,Just Begin,0001-01-01 00:00:00 +0000 UTC,0001-01-01 00:00:00 +0000 UTC
976,Title 974,this is description of second task,Just Begin,0001-01-01 00:00:00 +0000 UTC,0001-01-01 00:00:00 +0000 UTC
981,Title 979,this is description of second task,Just Begin,0001-01-01 00:00:00 +0000 UTC,0001-01-01 00:00:00 +0000 UTC
10,Title 8,this is description of second task,Just Begin,0001-01-01 00:00:00 +0000 UTC,0001-01-01 00:00:00 +0000 UTC
183,Title 181,this is description of second task,Just Begin,0001-01-01 00:00:00 +0000 UTC,0001-01-01 00:00:00 +0000 UTC
242,Title 240,this is description of second task,Just Begin,0001-01-01 00:00:00 +0000 UTC,0001-01-01 00:00:00 +0000 UTC
910,Title 908,this is description of second task,Just Begin,0001-01-01 00:00:00 +0000 UTC,0001-01-01 00:00:00 +0000 UTC
258,Title 256,this is description of second task,Just Begin,0001-01-01 00:00:00 +0000 UTC,0001-01-01 00:00:00 +0000 UTC
666,Title 664,this is description of second task,Just Begin,0001-01-01 00:00:00 +0000 UTC,0001-01-01 00:00:00 +0000 UTC
668,Title 666,this is description of second task,Just Begin,0001-01-01 00:00:00 +0000 UTC,0001-01-01 00:00:00 +0000 UTC
846,Title 844,this is description of second task,Just Begin,0001-01-01 00:00:00 +0000 UTC,0001-01-01 00:00:00 +0000 UTC
888,Title 886,this is description of second task,Just Begin,0001-01-01 00:00:00 +0000 UTC,0001-01-01 00:00:00 +0000 UTC
114,Title 112,this is description of second task,Just Begin,0001-01-01 00:00:00 +0000 UTC,0001-01-01 00:00:00 +0000 UTC
269,Title 267,this is description of second task,Just Begin,0001-01-01 00:00:00 +0000 UTC,0001-01-01 00:00:00 +0000 UTC
501,Title 499,this is description of second task,Just Begin,0001-01-01 00:00:00 +0000 UTC,0001-01-01 00:00:00 +0000 UTC
539,Title 537,this is description of second task,Just Begin,0001-01-01 00:00:00 +0000 UTC,0001-01-01 00:00:00 +0000 UTC
160,Title 158,this is description of second task,Just Begin,0001-01-01 00:00:00 +0000 UTC,0001-01-01 00:00:00 +0000 UTC
196,Title 194,this is description of second task,Just Begin,0001-01-01 00:00:00 +0000 UTC,0001-01-01 00:00:00 +0000 UTC
529,Title 527,this is description of second task,Just Begin,0001-01-01 00:00:00 +0000 UTC,0001-01-01 00:00:00 +0000 UTC
794,Title 792,this is description of second task,Just Begin,0001-01-01 00:00:00 +0000 UTC,0001-01-01 00:00:00 +0000 UTC
521,Title 519,this is description of second task,Just Begin,0001-01-01 00:00:00 +0000 UTC,0001-01-01 00:00:00 +0000 UTC
631,Title 629,this is description of second task,Just Begin,0001-01-01 00:00:00 +0000 UTC,0001-01-01 00:00:00 +0000 UTC
672,Title 670,this is description of second task,Just Begin,0001-01-01 00:00:00 +0000 UTC,0001-01-01 00:00:00 +0000 UTC
810,Title 808,this is description of second task,Just Begin,0001-01-01 00:00:00 +0000 UTC,0001-01-01 00:00:00 +0000 UTC
928,Title 926,this is description of second task,Just Begin,0001-01-01 00:00:00 +0000 UTC,0001-01-01 00:00:00 +0000 UTC
566,Title 564,this is description of second task,Just Begin,0001-01-01 00:00:00 +0000 UTC,0001-01-01 00:00:00 +0000 UTC
683,Title 681,this is description of second task,Just Begin,0001-01-01 00:00:00 +0000 UTC,0001-01-01 00:00:00 +0000 UTC
772,Title 770,this is description of second task,Just Begin,0001-01-01 00:00:00 +0000 UTC,0001-01-01 00:00:00 +0000 UTC
883,Title 881,this is description of second task,Just Begin,0001-01-01 00:00:00 +0000 UTC,0001-01-01 00:00:00 +0000 UTC
854,Title 852,this is description of second task,Just Begin,0001-01-01 00:00:00 +0000 UTC,0001-01-01 00:00:00 +0000 UTC
29,Title 27,this is description of second task,Just Begin,0001-01-01 00:00:00 +0000 UTC,0001-01-01 00:00:00 +0000 UTC
79,Title 77,this is description of second task,Just Begin,0001-01-01 00:00:00 +0000 UTC,0001-01-01 00:00:00 +0000 UTC
355,Title 353,this is description of second task,Just Begin,0001-01-01 00:00:00 +0000 UTC,0001-01-01 00:00:00 +0000 UTC
422,Title 420,this is description of second task,Just Begin,0001-01-01 00:00:00 +0000 UTC,0001-01-01 00:00:00 +0000 UTC
503,Title 501,this is description of second task,Just Begin,0001-01-01 00:00:00 +0000 UTC,0001-01-01 00:00:00 +0000 UTC
597,Title 595,this is description of second task,Just Begin,0001-01-01 00:00:00 +0000 UTC,0001-01-01 00:00:00 +0000 UTC
734,Title 732,this is description of second task,Just Begin,0001-01-01 00:00:00 +0000 UTC,0001-01-01 00:00:00 +0000 UTC
268,Title 266,this is description of second task,Just Begin,0001-01-01 00:00:00 +0000 UTC,0001-01-01 00:00:00 +0000 UTC
788,Title 786,this is description of second task,Just Begin,0001-01-01 00:00:00 +0000 UTC,0001-01-01 00:00:00 +0000 UTC
878,Title 876,this is description of second task,Just Begin,0001-01-01 00:00:00 +0000 UTC,0001-01-01 00:00:00 +0000 UTC
889,Title 887,this is description of second task,Just Begin,0001-01-01 00:00:00 +0000 UTC,0001-01-01 00:00:00 +0000 UTC
992,Title 990,this is description of second task,Just Begin,0001-01-01 00:00:00 +0000 UTC,0001-01-01 00:00:00 +0000 UTC
485,Title 483,this is description of second task,Just Begin,0001-01-01 00:00:00 +0000 UTC,0001-01-01 00:00:00 +0000 UTC
650,Title 648,this is description of second task,Just Begin,0001-01-01 00:00:00 +0000 UTC,0001-01-01 00:00:00 +0000 UTC
709,Title 707,this is description of second task,Just Begin,0001-01-01 00:00:00 +0000 UTC,0001-01-01 00:00:00 +0000 UTC
752,Title 750,this is description of second task,Just Begin,0001-01-01 00:00:00 +0000 UTC,0001-01-01 00:00:00 +0000 UTC
14,Title 12,this is description of second task,Just Begin,0001-01-01 00:00:00 +0000 UTC,0001-01-01 00:00:00 +0000 UTC
694,Title 692,this is description of second task,Just Begin,0001-01-01 00:00:00 +0000 UTC,0001-01-01 00:00:00 +0000 UTC
895,Title 893,this is description of second task,Just Begin,0001-01-01 00:00:00 +0000 UTC,0001-01-01 00:00:00 +0000 UTC
588,Title 586,this is description of second task,Just Begin,0001-01-01 00:00:00 +0000 UTC,0001-01-01 00:00:00 +0000 UTC
73,Title 71,this is description of second task,Just Begin,0001-01-01 00:00:00 +0000 UTC,0001-01-01 00:00:00 +0000 UTC
393,Title 391,this is description of second task,Just Begin,0001-01-01 00:00:00 +0000 UTC,0001-01-01 00:00:00 +0000 UTC
382,Title 380,this is description of second task,Just Begin,0001-01-01 00:00:00 +0000 UTC,0001-01-01 00:00:00 +0000 UTC
531,Title 529,this is description of second task,Just Begin,0001-01-01 00:00:00 +0000 UTC,0001-01-01 00:00:00 +0000 UTC
884,Title 882,this is description of second task,Just Begin,0001-01-01 00:00:00 +0000 UTC,0001-01-01 00:00:00 +0000 UTC
901,Title 899,this is description of second task,Just Begin,0001-01-01 00:00:00 +0000 UTC,0001-01-01 00:00:00 +0000 UTC
232,Title 230,this is description of second task,Just Begin,0001-01-01 00:00:00 +0000 UTC,0001-01-01 00:00:00 +0000 UTC
287,Title 285,this is description of second task,Just Begin,0001-01-01 00:00:00 +0000 UTC,0001-01-01 00:00:00 +0000 UTC
350,Title 348,this is description of second task,Just Begin,0001-01-01 00:00:00 +0000 UTC,0001-01-01 00:00:00 +0000 UTC
509,Title 507,this is description of second task,Just Begin,0001-01-01 00:00:00 +0000 UTC,0001-01-01 00:00:00 +0000 UTC
609,Title 607,this is description of second task,Just Begin,0001-01-01 00:00:00 +0000 UTC,0001-01-01 00:00:00 +0000 UTC
649,Title 647,this is description of second task,Just Begin,0001-01-01 00:00:00 +0000 UTC,0001-01-01 00:00:00 +0000 UTC
519,Title 517,this is description of second task,Just Begin,0001-01-01 00:00:00 +0000 UTC,0001-01-01 00:00:00 +0000 UTC
736,Title 734,this is description of second task,Just Begin,0001-01-01 00:00:00 +0000 UTC,0001-01-01 00:00:00 +0000 UTC
945,Title 943,this is description of second task,Just Begin,0001-01-01 00:00:00 +0000 UTC,0001-01-01 00:00:00 +0000 UTC
655,Title 653,this is description of second task,Just Begin,0001-01-01 00:00:00 +0000 UTC,0001-01-01 00:00:00 +0000 UTC
708,Title 706,this is description of second task,Just Begin,0001-01-01 00:00:00 +0000 UTC,0001-01-01 00:00:00 +0000 UTC
856,Title 854,this is description of second task,Just Begin,0001-01-01 00:00:00 +0000 UTC,0001-01-01 00:00:00 +0000 UTC
433,Title 431,this is description of second task,Just Begin,0001-01-01 00:00:00 +0000 UTC,0001-01-01 00:00:00 +0000 UTC
38,Title 36,this is description of second task,Just Begin,0001-01-01 00:00:00 +0000 UTC,0001-01-01 00:00:00 +0000 UTC
40,Title 38,this is description of second task,Just Begin,0001-01-01 00:00:00 +0000 UTC,0001-01-01 00:00:00 +0000 UTC
172,Title 170,this is description of second task,Just Begin,0001-01-01 00:00:00 +0000 UTC,0001-01-01 00:00:00 +0000 UTC
175,Title 173,this is description of second task,Just Begin,0001-01-01 00:00:00 +0000 UTC,0001-01-01 00:00:00 +0000 UTC
194,Title 192,this is description of second task,Just Begin,0001-01-01 00:00:00 +0000 UTC,0001-01-01 00:00:00 +0000 UTC
647,Title 645,this is description of second task,Just Begin,0001-01-01 00:00:00 +0000 UTC,0001-01-01 00:00:00 +0000 UTC
704,Title 702,this is description of second task,Just Begin,0001-01-01 00:00:00 +0000 UTC,0001-01-01 00:00:00 +0000 UTC
314,Title 312,this is description of second task,Just Begin,0001-01-01 00:00:00 +0000 UTC,0001-01-01 00:00:00 +0000 UTC
635,Title 633,this is description of second task,Just Begin,0001-01-01 00:00:00 +0000 UTC,0001-01-01 00:00:00 +0000 UTC
723,Title 721,this is description of second task,Just Begin,0001-01-01 00:00:00 +0000 UTC,0001-01-01 00:00:00 +0000 UTC
828,Title 826,this is description of second task,Just Begin,0001-01-01 00:00:00 +0000 UTC,0001-01-01 00:00:00 +0000 UTC
898,Title 896,this is description of second task,Just Begin,0001-01-01 00:00:00 +0000 UTC,0001-01-01 00:00:00 +0000 UTC
965,Title 963,this is description of second task,Just Begin,0001-01-01 00:00:00 +0000 UTC,0001-01-01 00:00:00 +0000 UTC
71,Title 69,this is description of second task,Just Begin,0001-01-01 00:00:00 +0000 UTC,0001-01-01 00:00:00 +0000 UTC
410,Title 408,this is description of second task,Just Begin,0001-01-01 00:00:00 +0000 UTC,0001-01-01 00:00:00 +0000 UTC
931,Title 929,this is description of second task,Just Begin,0001-01-01 00:00:00 +0000 UTC,0001-01-01 00:00:00 +0000 UTC
88,Title 86,this is description of second task,Just Begin,0001-01-01 00:00:00 +0000 UTC,0001-01-01 00:00:00 +0000 UTC
873,Title 871,this is description of second task,Just Begin,0001-01-01 00:00:00 +0000 UTC,0001-01-01 00:00:00 +0000 UTC
411,Title 409,this is description of second task,Just Begin,0001-01-01 00:00:00 +0000 UTC,0001-01-01 00:00:00 +0000 UTC
15,Title 13,this is description of second task,Just Begin,0001-01-01 00:00:00 +0000 UTC,0001-01-01 00:00:00 +0000 UTC
397,Title 395,this is description of second task,Just Begin,0001-01-01 00:00:00 +0000 UTC,0001-01-01 00:00:00 +0000 UTC
448,Title 446,this is description of second task,Just Begin,0001-01-01 00:00:00 +0000 UTC,0001-01-01 00:00:00 +0000 UTC
558,Title 556,this is description of second task,Just Begin,0001-01-01 00:00:00 +0000 UTC,0001-01-01 00:00:00 +0000 UTC
607,Title 605,this is description of second task,Just Begin,0001-01-01 00:00:00 +0000 UTC,0001-01-01 00:00:00 +0000 UTC
706,Title 704,this is description of second task,Just Begin,0001-01-01 00:00:00 +0000 UTC,0001-01-01 00:00:00 +0000 UTC
887,Title 885,this is description of second task,Just Begin,0001-01-01 00:00:00 +0000 UTC,0001-01-01 00:00:00 +0000 UTC
571,Title 569,this is description of second task,Just Begin,0001-01-01 00:00:00 +0000 UTC,0001-01-01 00:00:00 +0000 UTC
616,Title 614,this is description of second task,Just Begin,0001-01-01 00:00:00 +0000 UTC,0001-01-01 00:00:00 +0000 UTC
978,Title 976,this is description of second task,Just Begin,0001-01-01 00:00:00 +0000 UTC,0001-01-01 00:00:00 +0000 UTC
116,Title 114,this is description of second task,Just Begin,0001-01-01 00:00:00 +0000 UTC,0001-01-01 00:00:00 +0000 UTC
278,Title 276,this is description of second task,Just Begin,0001-01-01 00:00:00 +0000 UTC,0001-01-01 00:00:00 +0000 UTC
439,Title 437,this is description of second task,Just Begin,0001-01-01 00:00:00 +0000 UTC,0001-01-01 00:00:00 +0000 UTC
852,Title 850,this is description of second task,Just Begin,0001-01-01 00:00:00 +0000 UTC,0001-01-01 00:00:00 +0000 UTC
233,Title 231,this is description of second task,Just Begin,0001-01-01 00:00:00 +0000 UTC,0001-01-01 00:00:00 +0000 UTC
302,Title 300,this is description of second task,Just Begin,0001-01-01 00:00:00 +0000 UTC,0001-01-01 00:00:00 +0000 UTC
403,Title 401,this is description of second task,Just Begin,0001-01-01 00:00:00 +0000 UTC,0001-01-01 00:00:00 +0000 UTC
409,Title 407,this is description of second task,Just Begin,0001-01-01 00:00:00 +0000 UTC,0001-01-01 00:00:00 +0000 UTC
813,Title 811,this is description of second task,Just Begin,0001-01-01 00:00:00 +0000 UTC,0001-01-01 00:00:00 +0000 UTC
4,Title 2,this is description of second task,Just Begin,0001-01-01 00:00:00 +0000 UTC,0001-01-01 00:00:00 +0000 UTC
322,Title 320,this is description of second task,Just Begin,0001-01-01 00:00:00 +0000 UTC,0001-01-01 00:00:00 +0000 UTC
396,Title 394,this is description of second task,Just Begin,0001-01-01 00:00:00 +0000 UTC,0001-01-01 00:00:00 +0000 UTC
446,Title 444,this is description of second task,Just Begin,0001-01-01 00:00:00 +0000 UTC,0001-01-01 00:00:00 +0000 UTC
897,Title 895,this is description of second task,Just Begin,0001-01-01 00:00:00 +0000 UTC,0001-01-01 00:00:00 +0000 UTC
154,Title 152,this is description of second task,Just Begin,0001-01-01 00:00:00 +0000 UTC,0001-01-01 00:00:00 +0000 UTC
248,Title 246,this is description of second task,Just Begin,0001-01-01 00:00:00 +0000 UTC,0001-01-01 00:00:00 +0000 UTC
621,Title 619,this is description of second task,Just Begin,0001-01-01 00:00:00 +0000 UTC,0001-01-01 00:00:00 +0000 UTC
660,Title 658,this is description of second task,Just Begin,0001-01-01 00:00:00 +0000 UTC,0001-01-01 00:00:00 +0000 UTC
748,Title 746,this is description of second task,Just Begin,0001-01-01 00:00:00 +0000 UTC,0001-01-01 00:00:00 +0000 UTC
791,Title 789,this is description of second task,Just Begin,0001-01-01 00:00:00 +0000 UTC,0001-01-01 00:00:00 +0000 UTC
879,Title 877,this is description of second task,Just Begin,0001-01-01 00:00:00 +0000 UTC,0001-01-01 00:00:00 +0000 UTC
22,Title 20,this is description of second task,Just Begin,0001-01-01 00:00:00 +0000 UTC,0001-01-01 00:00:00 +0000 UTC
33,Title 31,this is description of second task,Just Begin,0001-01-01 00:00:00 +0000 UTC,0001-01-01 00:00:00 +0000 UTC
658,Title 656,this is description of second task,Just Begin,0001-01-01 00:00:00 +0000 UTC,0001-01-01 00:00:00 +0000 UTC
717,Title 715,this is description of second task,Just Begin,0001-01-01 00:00:00 +0000 UTC,0001-01-01 00:00:00 +0000 UTC
556,Title 554,this is description of second task,Just Begin,0001-01-01 00:00:00 +0000 UTC,0001-01-01 00:00:00 +0000 UTC
152,Title 150,this is description of second task,Just Begin,0001-01-01 00:00:00 +0000 UTC,0001-01-01 00:00:00 +0000 UTC
238,Title 236,this is description of second task,Just Begin,0001-01-01 00:00:00 +0000 UTC,0001-01-01 00:00:00 +0000 UTC
293,Title 291,this is description of second task,Just Begin,0001-01-01 00:00:00 +0000 UTC,0001-01-01 00:00:00 +0000 UTC
321,Title 319,this is description of second task,Just Begin,0001-01-01 00:00:00 +0000 UTC,0001-01-01 00:00:00 +0000 UTC
360,Title 358,this is description of second task,Just Begin,0001-01-01 00:00:00 +0000 UTC,0001-01-01 00:00:00 +0000 UTC
421,Title 419,this is description of second task,Just Begin,0001-01-01 00:00:00 +0000 UTC,0001-01-01 00:00:00 +0000 UTC
541,Title 539,this is description of second task,Just Begin,0001-01-01 00:00:00 +0000 UTC,0001-01-01 00:00:00 +0000 UTC
803,Title 801,this is description of second task,Just Begin,0001-01-01 00:00:00 +0000 UTC,0001-01-01 00:00:00 +0000 UTC
817,Title 815,this is description of second task,Just Begin,0001-01-01 00:00:00 +0000 UTC,0001-01-01 00:00:00 +0000 UTC
839,Title 837,this is description of second task,Just Begin,0001-01-01 00:00:00 +0000 UTC,0001-01-01 00:00:00 +0000 UTC
944,Title 942,this is description of second task,Just Begin,0001-01-01 00:00:00 +0000 UTC,0001-01-01 00:00:00 +0000 UTC
161,Title 159,this is description of second task,Just Begin,0001-01-01 00:00:00 +0000 UTC,0001-01-01 00:00:00 +0000 UTC
427,Title 425,this is description of second task,Just Begin,0001-01-01 00:00:00 +0000 UTC,0001-01-01 00:00:00 +0000 UTC
441,Title 439,this is description of second task,Just Begin,0001-01-01 00:00:00 +0000 UTC,0001-01-01 00:00:00 +0000 UTC
740,Title 738,this is description of second task,Just Begin,0001-01-01 00:00:00 +0000 UTC,0001-01-01 00:00:00 +0000 UTC
743,Title 741,this is description of second task,Just Begin,0001-01-01 00:00:00 +0000 UTC,0001-01-01 00:00:00 +0000 UTC
934,Title 932,this is description of second task,Just Begin,0001-01-01 00:00:00 +0000 UTC,0001-01-01 00:00:00 +0000 UTC
757,Title 755,this is description of second task,Just Begin,0001-01-01 00:00:00 +0000 UTC,0001-01-01 00:00:00 +0000 UTC
6,Title 4,this is description of second task,Just Begin,0001-01-01 00:00:00 +0000 UTC,0001-01-01 00:00:00 +0000 UTC
47,Title 45,this is description of second task,Just Begin,0001-01-01 00:00:00 +0000 UTC,0001-01-01 00:00:00 +0000 UTC
132,Title 130,this is description of second task,Just Begin,0001-01-01 00:00:00 +0000 UTC,0001-01-01 00:00:00 +0000 UTC
313,Title 311,this is description of second task,Just Begin,0001-01-01 00:00:00 +0000 UTC,0001-01-01 00:00:00 +0000 UTC
181,Title 179,this is description of second task,Just Begin,0001-01-01 00:00:00 +0000 UTC,0001-01-01 00:00:00 +0000 UTC
252,Title 250,this is description of second task,Just Begin,0001-01-01 00:00:00 +0000 UTC,0001-01-01 00:00:00 +0000 UTC
432,Title 430,this is description of second task,Just Begin,0001-01-01 00:00:00 +0000 UTC,0001-01-01 00:00:00 +0000 UTC
657,Title 655,this is description of second task,Just Begin,0001-01-01 00:00:00 +0000 UTC,0001-01-01 00:00:00 +0000 UTC
815,Title 813,this is description of second task,Just Begin,0001-01-01 00:00:00 +0000 UTC,0001-01-01 00:00:00 +0000 UTC
191,Title 189,this is description of second task,Just Begin,0001-01-01 00:00:00 +0000 UTC,0001-01-01 00:00:00 +0000 UTC
201,Title 199,this is description of second task,Just Begin,0001-01-01 00:00:00 +0000 UTC,0001-01-01 00:00:00 +0000 UTC
361,Title 359,this is description of second task,Just Begin,0001-01-01 00:00:00 +0000 UTC,0001-01-01 00:00:00 +0000 UTC
420,Title 418,this is description of second task,Just Begin,0001-01-01 00:00:00 +0000 UTC,0001-01-01 00:00:00 +0000 UTC
507,Title 505,this is description of second task,Just Begin,0001-01-01 00:00:00 +0000 UTC,0001-01-01 00:00:00 +0000 UTC
554,Title 552,this is description of second task,Just Begin,0001-01-01 00:00:00 +0000 UTC,0001-01-01 00:00:00 +0000 UTC
581,Title 579,this is description of second task,Just Begin,0001-01-01 00:00:00 +0000 UTC,0001-01-01 00:00:00 +0000 UTC
906,Title 904,this is description of second task,Just Begin,0001-01-01 00:00:00 +0000 UTC,0001-01-01 00:00:00 +0000 UTC
74,Title 72,this is description of second task,Just Begin,0001-01-01 00:00:00 +0000 UTC,0001-01-01 00:00:00 +0000 UTC
81,Title 79,this is description of second task,Just Begin,0001-01-01 00:00:00 +0000 UTC,0001-01-01 00:00:00 +0000 UTC
475,Title 473,this is description of second task,Just Begin,0001-01-01 00:00:00 +0000 UTC,0001-01-01 00:00:00 +0000 UTC
612,Title 610,this is description of second task,Just Begin,0001-01-01 00:00:00 +0000 UTC,0001-01-01 00:00:00 +0000 UTC
765,Title 763,this is description of second task,Just Begin,0001-01-01 00:00:00 +0000 UTC,0001-01-01 00:00:00 +0000 UTC
771,Title 769,this is description of second task,Just Begin,0001-01-01 00:00:00 +0000 UTC,0001-01-01 00:00:00 +0000 UTC
874,Title 872,this is description of second task,Just Begin,0001-01-01 00:00:00 +0000 UTC,0001-01-01 00:00:00 +0000 UTC
166,Title 164,this is description of second task,Just Begin,0001-01-01 00:00:00 +0000 UTC,0001-01-01 00:00:00 +0000 UTC
150,Title 148,this is description of second task,Just Begin,0001-01-01 00:00:00 +0000 UTC,0001-01-01 00:00:00 +0000 UTC
282,Title 280,this is description of second task,Just Begin,0001-01-01 00:00:00 +0000 UTC,0001-01-01 00:00:00 +0000 UTC
317,Title 315,this is description of second task,Just Begin,0001-01-01 00:00:00 +0000 UTC,0001-01-01 00:00:00 +0000 UTC
407,Title 405,this is description of second task,Just Begin,0001-01-01 00:00:00 +0000 UTC,0001-01-01 00:00:00 +0000 UTC
307,Title 305,this is description of second task,Just Begin,0001-01-01 00:00:00 +0000 UTC,0001-01-01 00:00:00 +0000 UTC
390,Title 388,this is description of second task,Just Begin,0001-01-01 00:00:00 +0000 UTC,0001-01-01 00:00:00 +0000 UTC
516,Title 514,this is description of second task,Just Begin,0001-01-01 00:00:00 +0000 UTC,0001-01-01 00:00:00 +0000 UTC
680,Title 678,this is description of second task,Just Begin,0001-01-01 00:00:00 +0000 UTC,0001-01-01 00:00:00 +0000 UTC
767,Title 765,this is description of second task,Just Begin,0001-01-01 00:00:00 +0000 UTC,0001-01-01 00:00:00 +0000 UTC
994,Title 992,this is description of second task,Just Begin,0001-01-01 00:00:00 +0000 UTC,0001-01-01 00:00:00 +0000 UTC
235,Title 233,this is description of second task,Just Begin,0001-01-01 00:00:00 +0000 UTC,0001-01-01 00:00:00 +0000 UTC
510,Title 508,this is description of second task,Just Begin,0001-01-01 00:00:00 +0000 UTC,0001-01-01 00:00:00 +0000 UTC
532,Title 530,this is description of second task,Just Begin,0001-01-01 00:00:00 +0000 UTC,0001-01-01 00:00:00 +0000 UTC
21,Title 19,this is description of second task,Just Begin,0001-01-01 00:00:00 +0000 UTC,0001-01-01 00:00:00 +0000 UTC
34,Title 32,this is description of second task,Just Begin,0001-01-01 00:00:00 +0000 UTC,0001-01-01 00:00:00 +0000 UTC
505,Title 503,this is description of second task,Just Begin,0001-01-01 00:00:00 +0000 UTC,0001-01-01 00:00:00 +0000 UTC
795,Title 793,this is description of second task,Just Begin,0001-01-01 00:00:00 +0000 UTC,0001-01-01 00:00:00 +0000 UTC
920,Title 918,this is description of second task,Just Begin,0001-01-01 00:00:00 +0000 UTC,0001-01-01 00:00:00 +0000 UTC
408,Title 406,this is description of second task,Just Begin,0001-01-01 00:00:00 +0000 UTC,0001-01-01 00:00:00 +0000 UTC
569,Title 567,this is description of second task,Just Begin,0001-01-01 00:00:00 +0000 UTC,0001-01-01 00:00:00 +0000 UTC
686,Title 684,this is description of second task,Just Begin,0001-01-01 00:00:00 +0000 UTC,0001-01-01 00:00:00 +0000 UTC
768,Title 766,this is description of second task,Just Begin,0001-01-01 00:00:00 +0000 UTC,0001-01-01 00:00:00 +0000 UTC
977,Title 975,this is description of second task,Just Begin,0001-01-01 00:00:00 +0000 UTC,0001-01-01 00:00:00 +0000 UTC
605,Title 603,this is description of second task,Just Begin,0001-01-01 00:00:00 +0000 UTC,0001-01-01 00:00:00 +0000 UTC
838,Title 836,this is description of second task,Just Begin,0001-01-01 00:00:00 +0000 UTC,0001-01-01 00:00:00 +0000 UTC
913,Title 911,this is description of second task,Just Begin,0001-01-01 00:00:00 +0000 UTC,0001-01-01 00:00:00 +0000 UTC
43,Title 41,this is description of second task,Just Begin,0001-01-01 00:00:00 +0000 UTC,0001-01-01 00:00:00 +0000 UTC
192,Title 190,this is description of second task,Just Begin,0001-01-01 00:00:00 +0000 UTC,0001-01-01 00:00:00 +0000 UTC
758,Title 756,this is description of second task,Just Begin,0001-01-01 00:00:00 +0000 UTC,0001-01-01 00:00:00 +0000 UTC
947,Title 945,this is description of second task,Just Begin,0001-01-01 00:00:00 +0000 UTC,0001-01-01 00:00:00 +0000 UTC
991,Title 989,this is description of second task,Just Begin,0001-01-01 00:00:00 +0000 UTC,0001-01-01 00:00:00 +0000 UTC
119,Title 117,this is description of second task,Just Begin,0001-01-01 00:00:00 +0000 UTC,0001-01-01 00:00:00 +0000 UTC
474,Title 472,this is description of second task,Just Begin,0001-01-01 00:00:00 +0000 UTC,0001-01-01 00:00:00 +0000 UTC
540,Title 538,this is description of second task,Just Begin,0001-01-01 00:00:00 +0000 UTC,0001-01-01 00:00:00 +0000 UTC
562,Title 560,this is description of second task,Just Begin,0001-01-01 00:00:00 +0000 UTC,0001-01-01 00:00:00 +0000 UTC
573,Title 571,this is description of second task,Just Begin,0001-01-01 00:00:00 +0000 UTC,0001-01-01 00:00:00 +0000 UTC
587,Title 585,this is description of second task,Just Begin,0001-01-01 00:00:00 +0000 UTC,0001-01-01 00:00:00 +0000 UTC
782,Title 780,this is description of second task,Just Begin,0001-01-01 00:00:00 +0000 UTC,0001-01-01 00:00:00 +0000 UTC
997,Title 995,this is description of second task,Just Begin,0001-01-01 00:00:00 +0000 UTC,0001-01-01 00:00:00 +0000 UTC
1001,Title 999,this is description of second task,Just Begin,0001-01-01 00:00:00 +0000 UTC,0001-01-01 00:00:00 +0000 UTC
112,Title 110,this is description of second task,Just Begin,0001-01-01 00:00:00 +0000 UTC,0001-01-01 00:00:00 +0000 UTC
179,Title 177,this is description of second task,Just Begin,0001-01-01 00:00:00 +0000 UTC,0001-01-01 00:00:00 +0000 UTC
423,Title 421,this is description of second task,Just Begin,0001-01-01 00:00:00 +0000 UTC,0001-01-01 00:00:00 +0000 UTC
186,Title 184,this is description of second task,Just Begin,0001-01-01 00:00:00 +0000 UTC,0001-01-01 00:00:00 +0000 UTC
551,Title 549,this is description of second task,Just Begin,0001-01-01 00:00:00 +0000 UTC,0001-01-01 00:00:00 +0000 UTC
470,Title 468,this is description of second task,Just Begin,0001-01-01 00:00:00 +0000 UTC,0001-01-01 00:00:00 +0000 UTC
525,Title 523,this is description of second task,Just Begin,0001-01-01 00:00:00 +0000 UTC,0001-01-01 00:00:00 +0000 UTC
900,Title 898,this is description of second task,Just Begin,0001-01-01 00:00:00 +0000 UTC,0001-01-01 00:00:00 +0000 UTC
727,Title 725,this is description of second task,Just Begin,0001-01-01 00:00:00 +0000 UTC,0001-01-01 00:00:00 +0000 UTC
796,Title 794,this is description of second task,Just Begin,0001-01-01 00:00:00 +0000 UTC,0001-01-01 00:00:00 +0000 UTC
23,Title 21,this is description of second task,Just Begin,0001-01-01 00:00:00 +0000 UTC,0001-01-01 00:00:00 +0000 UTC
48,Title 46,this is description of second task,Just Begin,0001-01-01 00:00:00 +0000 UTC,0001-01-01 00:00:00 +0000 UTC
171,Title 169,this is description of second task,Just Begin,0001-01-01 00:00:00 +0000 UTC,0001-01-01 00:00:00 +0000 UTC
231,Title 229,this is description of second task,Just Begin,0001-01-01 00:00:00 +0000 UTC,0001-01-01 00:00:00 +0000 UTC
652,Title 650,this is description of second task,Just Begin,0001-01-01 00:00:00 +0000 UTC,0001-01-01 00:00:00 +0000 UTC
806,Title 804,this is description of second task,Just Begin,0001-01-01 00:00:00 +0000 UTC,0001-01-01 00:00:00 +0000 UTC
918,Title 916,this is description of second task,Just Begin,0001-01-01 00:00:00 +0000 UTC,0001-01-01 00:00:00 +0000 UTC
69,Title 67,this is description of second task,Just Begin,0001-01-01 00:00:00 +0000 UTC,0001-01-01 00:00:00 +0000 UTC
946,Title 944,this is description of second task,Just Begin,0001-01-01 00:00:00 +0000 UTC,0001-01-01 00:00:00 +0000 UTC
84,Title 82,this is description of second task,Just Begin,0001-01-01 00:00:00 +0000 UTC,0001-01-01 00:00:00 +0000 UTC
107,Title 105,this is description of second task,Just Begin,0001-01-01 00:00:00 +0000 UTC,0001-01-01 00:00:00 +0000 UTC
332,Title 330,this is description of second task,Just Begin,0001-01-01 00:00:00 +0000 UTC,0001-01-01 00:00:00 +0000 UTC
419,Title 417,this is description of second task,Just Begin,0001-01-01 00:00:00 +0000 UTC,0001-01-01 00:00:00 +0000 UTC
374,Title 372,this is description of second task,Just Begin,0001-01-01 00:00:00 +0000 UTC,0001-01-01 00:00:00 +0000 UTC
473,Title 471,this is description of second task,Just Begin,0001-01-01 00:00:00 +0000 UTC,0001-01-01 00:00:00 +0000 UTC
722,Title 720,this is description of second task,Just Begin,0001-01-01 00:00:00 +0000 UTC,0001-01-01 00:00:00 +0000 UTC
156,Title 154,this is description of second task,Just Begin,0001-01-01 00:00:00 +0000 UTC,0001-01-01 00:00:00 +0000 UTC
353,Title 351,this is description of second task,Just Begin,0001-01-01 00:00:00 +0000 UTC,0001-01-01 00:00:00 +0000 UTC
659,Title 657,this is description of second task,Just Begin,0001-01-01 00:00:00 +0000 UTC,0001-01-01 00:00:00 +0000 UTC
799,Title 797,this is description of second task,Just Begin,0001-01-01 00:00:00 +0000 UTC,0001-01-01 00:00:00 +0000 UTC
827,Title 825,this is description of second task,Just Begin,0001-01-01 00:00:00 +0000 UTC,0001-01-01 00:00:00 +0000 UTC
450,Title 448,this is description of second task,Just Begin,0001-01-01 00:00:00 +0000 UTC,0001-01-01 00:00:00 +0000 UTC
451,Title 449,this is description of second task,Just Begin,0001-01-01 00:00:00 +0000 UTC,0001-01-01 00:00:00 +0000 UTC
467,Title 465,this is description of second task,Just Begin,0001-01-01 00:00:00 +0000 UTC,0001-01-01 00:00:00 +0000 UTC
624,Title 622,this is description of second task,Just Begin,0001-01-01 00:00:00 +0000 UTC,0001-01-01 00:00:00 +0000 UTC
867,Title 865,this is description of second task,Just Begin,0001-01-01 00:00:00 +0000 UTC,0001-01-01 00:00:00 +0000 UTC
9,Title 7,this is description of second task,Just Begin,0001-01-01 00:00:00 +0000 UTC,0001-01-01 00:00:00 +0000 UTC
37,Title 35,this is description of second task,Just Begin,0001-01-01 00:00:00 +0000 UTC,0001-01-01 00:00:00 +0000 UTC
76,Title 74,this is description of second task,Just Begin,0001-01-01 00:00:00 +0000 UTC,0001-01-01 00:00:00 +0000 UTC
98,Title 96,this is description of second task,Just Begin,0001-01-01 00:00:00 +0000 UTC,0001-01-01 00:00:00 +0000 UTC
508,Title 506,this is description of second task,Just Begin,0001-01-01 00:00:00 +0000 UTC,0001-01-01 00:00:00 +0000 UTC
712,Title 710,this is description of second task,Just Begin,0001-01-01 00:00:00 +0000 UTC,0001-01-01 00:00:00 +0000 UTC
761,Title 759,this is description of second task,Just Begin,0001-01-01 00:00:00 +0000 UTC,0001-01-01 00:00:00 +0000 UTC
312,Title 310,this is description of second task,Just Begin,0001-01-01 00:00:00 +0000 UTC,0001-01-01 00:00:00 +0000 UTC
405,Title 403,this is description of second task,Just Begin,0001-01-01 00:00:00 +0000 UTC,0001-01-01 00:00:00 +0000 UTC
654,Title 652,this is description of second task,Just Begin,0001-01-01 00:00:00 +0000 UTC,0001-01-01 00:00:00 +0000 UTC
907,Title 905,this is description of second task,Just Begin,0001-01-01 00:00:00 +0000 UTC,0001-01-01 00:00:00 +0000 UTC
101,Title 99,this is description of second task,Just Begin,0001-01-01 00:00:00 +0000 UTC,0001-01-01 00:00:00 +0000 UTC
759,Title 757,this is description of second task,Just Begin,0001-01-01 00:00:00 +0000 UTC,0001-01-01 00:00:00 +0000 UTC
760,Title 758,this is description of second task,Just Begin,0001-01-01 00:00:00 +0000 UTC,0001-01-01 00:00:00 +0000 UTC
871,Title 869,this is description of second task,Just Begin,0001-01-01 00:00:00 +0000 UTC,0001-01-01 00:00:00 +0000 UTC
276,Title 274,this is description of second task,Just Begin,0001-01-01 00:00:00 +0000 UTC,0001-01-01 00:00:00 +0000 UTC
665,Title 663,this is description of second task,Just Begin,0001-01-01 00:00:00 +0000 UTC,0001-01-01 00:00:00 +0000 UTC
774,Title 772,this is description of second task,Just Begin,0001-01-01 00:00:00 +0000 UTC,0001-01-01 00:00:00 +0000 UTC
912,Title 910,this is description of second task,Just Begin,0001-01-01 00:00:00 +0000 UTC,0001-01-01 00:00:00 +0000 UTC
159,Title 157,this is description of second task,Just Begin,0001-01-01 00:00:00 +0000 UTC,0001-01-01 00:00:00 +0000 UTC
187,Title 185,this is description of second task,Just Begin,0001-01-01 00:00:00 +0000 UTC,0001-01-01 00:00:00 +0000 UTC
221,Title 219,this is description of second task,Just Begin,0001-01-01 00:00:00 +0000 UTC,0001-01-01 00:00:00 +0000 UTC
461,Title 459,this is description of second task,Just Begin,0001-01-01 00:00:00 +0000 UTC,0001-01-01 00:00:00 +0000 UTC
499,Title 497,this is description of second task,Just Begin,0001-01-01 00:00:00 +0000 UTC,0001-01-01 00:00:00 +0000 UTC
555,Title 553,this is description of second task,Just Begin,0001-01-01 00:00:00 +0000 UTC,0001-01-01 00:00:00 +0000 UTC
32,Title 30,this is description of second task,Just Begin,0001-01-01 00:00:00 +0000 UTC,0001-01-01 00:00:00 +0000 UTC
254,Title 252,this is description of second task,Just Begin,0001-01-01 00:00:00 +0000 UTC,0001-01-01 00:00:00 +0000 UTC
286,Title 284,this is description of second task,Just Begin,0001-01-01 00:00:00 +0000 UTC,0001-01-01 00:00:00 +0000 UTC
661,Title 659,this is description of second task,Just Begin,0001-01-01 00:00:00 +0000 UTC,0001-01-01 00:00:00 +0000 UTC
733,Title 731,this is description of second task,Just Begin,0001-01-01 00:00:00 +0000 UTC,0001-01-01 00:00:00 +0000 UTC
911,Title 909,this is description of second task,Just Begin,0001-01-01 00:00:00 +0000 UTC,0001-01-01 00:00:00 +0000 UTC
58,Title 56,this is description of second task,Just Begin,0001-01-01 00:00:00 +0000 UTC,0001-01-01 00:00:00 +0000 UTC
135,Title 133,this is description of second task,Just Begin,0001-01-01 00:00:00 +0000 UTC,0001-01-01 00:00:00 +0000 UTC
222,Title 220,this is description of second task,Just Begin,0001-01-01 00:00:00 +0000 UTC,0001-01-01 00:00:00 +0000 UTC
868,Title 866,this is description of second task,Just Begin,0001-01-01 00:00:00 +0000 UTC,0001-01-01 00:00:00 +0000 UTC
51,Title 49,this is description of second task,Just Begin,0001-01-01 00:00:00 +0000 UTC,0001-01-01 00:00:00 +0000 UTC
643,Title 641,this is description of second task,Just Begin,0001-01-01 00:00:00 +0000 UTC,0001-01-01 00:00:00 +0000 UTC
926,Title 924,this is description of second task,Just Begin,0001-01-01 00:00:00 +0000 UTC,0001-01-01 00:00:00 +0000 UTC
219,Title 217,this is description of second task,Just Begin,0001-01-01 00:00:00 +0000 UTC,0001-01-01 00:00:00 +0000 UTC
809,Title 807,this is description of second task,Just Begin,0001-01-01 00:00:00 +0000 UTC,0001-01-01 00:00:00 +0000 UTC
819,Title 817,this is description of second task,Just Begin,0001-01-01 00:00:00 +0000 UTC,0001-01-01 00:00:00 +0000 UTC
440,Title 438,this is description of second task,Just Begin,0001-01-01 00:00:00 +0000 UTC,0001-01-01 00:00:00 +0000 UTC
896,Title 894,this is description of second task,Just Begin,0001-01-01 00:00:00 +0000 UTC,0001-01-01 00:00:00 +0000 UTC
90,Title 88,this is description of second task,Just Begin,0001-01-01 00:00:00 +0000 UTC,0001-01-01 00:00:00 +0000 UTC
309,Title 307,this is description of second task,Just Begin,0001-01-01 00:00:00 +0000 UTC,0001-01-01 00:00:00 +0000 UTC
400,Title 398,this is description of second task,Just Begin,0001-01-01 00:00:00 +0000 UTC,0001-01-01 00:00:00 +0000 UTC
428,Title 426,this is description of second task,Just Begin,0001-01-01 00:00:00 +0000 UTC,0001-01-01 00:00:00 +0000 UTC
572,Title 570,this is description of second task,Just Begin,0001-01-01 00:00:00 +0000 UTC,0001-01-01 00:00:00 +0000 UTC
270,Title 268,this is description of second task,Just Begin,0001-01-01 00:00:00 +0000 UTC,0001-01-01 00:00:00 +0000 UTC
379,Title 377,this is description of second task,Just Begin,0001-01-01 00:00:00 +0000 UTC,0001-01-01 00:00:00 +0000 UTC
682,Title 680,this is description of second task,Just Begin,0001-01-01 00:00:00 +0000 UTC,0001-01-01 00:00:00 +0000 UTC
111,Title 109,this is description of second task,Just Begin,0001-01-01 00:00:00 +0000 UTC,0001-01-01 00:00:00 +0000 UTC
128,Title 126,this is description of second task,Just Begin,0001-01-01 00:00:00 +0000 UTC,0001-01-01 00:00:00 +0000 UTC
151,Title 149,this is description of second task,Just Begin,0001-01-01 00:00:00 +0000 UTC,0001-01-01 00:00:00 +0000 UTC
677,Title 675,this is description of second task,Just Begin,0001-01-01 00:00:00 +0000 UTC,0001-01-01 00:00:00 +0000 UTC
103,Title 101,this is description of second task,Just Begin,0001-01-01 00:00:00 +0000 UTC,0001-01-01 00:00:00 +0000 UTC
130,Title 128,this is description of second task,Just Begin,0001-01-01 00:00:00 +0000 UTC,0001-01-01 00:00:00 +0000 UTC
327,Title 325,this is description of second task,Just Begin,0001-01-01 00:00:00 +0000 UTC,0001-01-01 00:00:00 +0000 UTC
394,Title 392,this is description of second task,Just Begin,0001-01-01 00:00:00 +0000 UTC,0001-01-01 00:00:00 +0000 UTC
493,Title 491,this is description of second task,Just Begin,0001-01-01 00:00:00 +0000 UTC,0001-01-01 00:00:00 +0000 UTC
28,Title 26,this is description of second task,Just Begin,0001-01-01 00:00:00 +0000 UTC,0001-01-01 00:00:00 +0000 UTC
239,Title 237,this is description of second task,Just Begin,0001-01-01 00:00:00 +0000 UTC,0001-01-01 00:00:00 +0000 UTC
250,Title 248,this is description of second task,Just Begin,0001-01-01 00:00:00 +0000 UTC,0001-01-01 00:00:00 +0000 UTC
330,Title 328,this is description of second task,Just Begin,0001-01-01 00:00:00 +0000 UTC,0001-01-01 00:00:00 +0000 UTC
656,Title 654,this is description of second task,Just Begin,0001-01-01 00:00:00 +0000 UTC,0001-01-01 00:00:00 +0000 UTC
735,Title 733,this is description of second task,Just Begin,0001-01-01 00:00:00 +0000 UTC,0001-01-01 00:00:00 +0000 UTC
753,Title 751,this is description of second task,Just Begin,0001-01-01 00:00:00 +0000 UTC,0001-01-01 00:00:00 +0000 UTC
481,Title 479,this is description of second task,Just Begin,0001-01-01 00:00:00 +0000 UTC,0001-01-01 00:00:00 +0000 UTC
749,Title 747,this is description of second task,Just Begin,0001-01-01 00:00:00 +0000 UTC,0001-01-01 00:00:00 +0000 UTC
766,Title 764,this is description of second task,Just Begin,0001-01-01 00:00:00 +0000 UTC,0001-01-01 00:00:00 +0000 UTC
528,Title 526,this is description of second task,Just Begin,0001-01-01 00:00:00 +0000 UTC,0001-01-01 00:00:00 +0000 UTC
623,Title 621,this is description of second task,Just Begin,0001-01-01 00:00:00 +0000 UTC,0001-01-01 00:00:00 +0000 UTC
678,Title 676,this is description of second task,Just Begin,0001-01-01 00:00:00 +0000 UTC,0001-01-01 00:00:00 +0000 UTC
458,Title 456,this is description of second task,Just Begin,0001-01-01 00:00:00 +0000 UTC,0001-01-01 00:00:00 +0000 UTC
832,Title 830,this is description of second task,Just Begin,0001-01-01 00:00:00 +0000 UTC,0001-01-01 00:00:00 +0000 UTC
182,Title 180,this is description of second task,Just Begin,0001-01-01 00:00:00 +0000 UTC,0001-01-01 00:00:00 +0000 UTC
610,Title 608,this is description of second task,Just Begin,0001-01-01 00:00:00 +0000 UTC,0001-01-01 00:00:00 +0000 UTC
692,Title 690,this is description of second task,Just Begin,0001-01-01 00:00:00 +0000 UTC,0001-01-01 00:00:00 +0000 UTC
364,Title 362,this is description of second task,Just Begin,0001-01-01 00:00:00 +0000 UTC,0001-01-01 00:00:00 +0000 UTC
471,Title 469,this is description of second task,Just Begin,0001-01-01 00:00:00 +0000 UTC,0001-01-01 00:00:00 +0000 UTC
645,Title 643,this is description of second task,Just Begin,0001-01-01 00:00:00 +0000 UTC,0001-01-01 00:00:00 +0000 UTC
730,Title 728,this is description of second task,Just Begin,0001-01-01 00:00:00 +0000 UTC,0001-01-01 00:00:00 +0000 UTC
814,Title 812,this is description of second task,Just Begin,0001-01-01 00:00:00 +0000 UTC,0001-01-01 00:00:00 +0000 UTC
618,Title 616,this is description of second task,Just Begin,0001-01-01 00:00:00 +0000 UTC,0001-01-01 00:00:00 +0000 UTC
894,Title 892,this is description of second task,Just Begin,0001-01-01 00:00:00 +0000 UTC,0001-01-01 00:00:00 +0000 UTC
104,Title 102,this is description of second task,Just Begin,0001-01-01 00:00:00 +0000 UTC,0001-01-01 00:00:00 +0000 UTC
719,Title 717,this is description of second task,Just Begin,0001-01-01 00:00:00 +0000 UTC,0001-01-01 00:00:00 +0000 UTC
843,Title 841,this is description of second task,Just Begin,0001-01-01 00:00:00 +0000 UTC,0001-01-01 00:00:00 +0000 UTC
961,Title 959,this is description of second task,Just Begin,0001-01-01 00:00:00 +0000 UTC,0001-01-01 00:00:00 +0000 UTC
121,Title 119,this is description of second task,Just Begin,0001-01-01 00:00:00 +0000 UTC,0001-01-01 00:00:00 +0000 UTC
381,Title 379,this is description of second task,Just Begin,0001-01-01 00:00:00 +0000 UTC,0001-01-01 00:00:00 +0000 UTC
5,Title 3,this is description of second task,Just Begin,0001-01-01 00:00:00 +0000 UTC,0001-01-01 00:00:00 +0000 UTC
347,Title 345,this is description of second task,Just Begin,0001-01-01 00:00:00 +0000 UTC,0001-01-01 00:00:00 +0000 UTC
646,Title 644,this is description of second task,Just Begin,0001-01-01 00:00:00 +0000 UTC,0001-01-01 00:00:00 +0000 UTC
824,Title 822,this is description of second task,Just Begin,0001-01-01 00:00:00 +0000 UTC,0001-01-01 00:00:00 +0000 UTC
77,Title 75,this is description of second task,Just Begin,0001-01-01 00:00:00 +0000 UTC,0001-01-01 00:00:00 +0000 UTC
134,Title 132,this is description of second task,Just Begin,0001-01-01 00:00:00 +0000 UTC,0001-01-01 00:00:00 +0000 UTC
437,Title 435,this is description of second task,Just Begin,0001-01-01 00:00:00 +0000 UTC,0001-01-01 00:00:00 +0000 UTC
546,Title 544,this is description of second task,Just Begin,0001-01-01 00:00:00 +0000 UTC,0001-01-01 00:00:00 +0000 UTC
308,Title 306,this is description of second task,Just Begin,0001-01-01 00:00:00 +0000 UTC,0001-01-01 00:00:00 +0000 UTC
452,Title 450,this is description of second task,Just Begin,0001-01-01 00:00:00 +0000 UTC,0001-01-01 00:00:00 +0000 UTC
490,Title 488,this is description of second task,Just Begin,0001-01-01 00:00:00 +0000 UTC,0001-01-01 00:00:00 +0000 UTC
676,Title 674,this is description of second task,Just Begin,0001-01-01 00:00:00 +0000 UTC,0001-01-01 00:00:00 +0000 UTC
17,Title 15,this is description of second task,Just Begin,0001-01-01 00:00:00 +0000 UTC,0001-01-01 00:00:00 +0000 UTC
279,Title 277,this is description of second task,Just Begin,0001-01-01 00:00:00 +0000 UTC,0001-01-01 00:00:00 +0000 UTC
363,Title 361,this is description of second task,Just Begin,0001-01-01 00:00:00 +0000 UTC,0001-01-01 00:00:00 +0000 UTC
530,Title 528,this is description of second task,Just Begin,0001-01-01 00:00:00 +0000 UTC,0001-01-01 00:00:00 +0000 UTC
830,Title 828,this is description of second task,Just Begin,0001-01-01 00:00:00 +0000 UTC,0001-01-01 00:00:00 +0000 UTC
968,Title 966,this is description of second task,Just Begin,0001-01-01 00:00:00 +0000 UTC,0001-01-01 00:00:00 +0000 UTC
370,Title 368,this is description of second task,Just Begin,0001-01-01 00:00:00 +0000 UTC,0001-01-01 00:00:00 +0000 UTC
537,Title 535,this is description of second task,Just Begin,0001-01-01 00:00:00 +0000 UTC,0001-01-01 00:00:00 +0000 UTC
565,Title 563,this is description of second task,Just Begin,0001-01-01 00:00:00 +0000 UTC,0001-01-01 00:00:00 +0000 UTC
622,Title 620,this is description of second task,Just Begin,0001-01-01 00:00:00 +0000 UTC,0001-01-01 00:00:00 +0000 UTC
948,Title 946,this is description of second task,Just Begin,0001-01-01 00:00:00 +0000 UTC,0001-01-01 00:00:00 +0000 UTC
26,Title 24,this is description of second task,Just Begin,0001-01-01 00:00:00 +0000 UTC,0001-01-01 00:00:00 +0000 UTC
756,Title 754,this is description of second task,Just Begin,0001-01-01 00:00:00 +0000 UTC,0001-01-01 00:00:00 +0000 UTC
826,Title 824,this is description of second task,Just Begin,0001-01-01 00:00:00 +0000 UTC,0001-01-01 00:00:00 +0000 UTC
247,Title 245,this is description of second task,Just Begin,0001-01-01 00:00:00 +0000 UTC,0001-01-01 00:00:00 +0000 UTC
836,Title 834,this is description of second task,Just Begin,0001-01-01 00:00:00 +0000 UTC,0001-01-01 00:00:00 +0000 UTC
62,Title 60,this is description of second task,Just Begin,0001-01-01 00:00:00 +0000 UTC,0001-01-01 00:00:00 +0000 UTC
195,Title 193,this is description of second task,Just Begin,0001-01-01 00:00:00 +0000 UTC,0001-01-01 00:00:00 +0000 UTC
699,Title 697,this is description of second task,Just Begin,0001-01-01 00:00:00 +0000 UTC,0001-01-01 00:00:00 +0000 UTC
956,Title 954,this is description of second task,Just Begin,0001-01-01 00:00:00 +0000 UTC,0001-01-01 00:00:00 +0000 UTC
984,Title 982,this is description of second task,Just Begin,0001-01-01 00:00:00 +0000 UTC,0001-01-01 00:00:00 +0000 UTC
96,Title 94,this is description of second task,Just Begin,0001-01-01 00:00:00 +0000 UTC,0001-01-01 00:00:00 +0000 UTC
225,Title 223,this is description of second task,Just Begin,0001-01-01 00:00:00 +0000 UTC,0001-01-01 00:00:00 +0000 UTC
331,Title 329,this is description of second task,Just Begin,0001-01-01 00:00:00 +0000 UTC,0001-01-01 00:00:00 +0000 UTC
351,Title 349,this is description of second task,Just Begin,0001-01-01 00:00:00 +0000 UTC,0001-01-01 00:00:00 +0000 UTC
744,Title 742,this is description of second task,Just Begin,0001-01-01 00:00:00 +0000 UTC,0001-01-01 00:00:00 +0000 UTC
798,Title 796,this is description of second task,Just Begin,0001-01-01 00:00:00 +0000 UTC,0001-01-01 00:00:00 +0000 UTC
820,Title 818,this is description of second task,Just Begin,0001-01-01 00:00:00 +0000 UTC,0001-01-01 00:00:00 +0000 UTC
746,Title 744,this is description of second task,Just Begin,0001-01-01 00:00:00 +0000 UTC,0001-01-01 00:00:00 +0000 UTC
930,Title 928,this is description of second task,Just Begin,0001-01-01 00:00:00 +0000 UTC,0001-01-01 00:00:00 +0000 UTC
266,Title 264,this is description of second task,Just Begin,0001-01-01 00:00:00 +0000 UTC,0001-01-01 00:00:00 +0000 UTC
356,Title 354,this is description of second task,Just Begin,0001-01-01 00:00:00 +0000 UTC,0001-01-01 00:00:00 +0000 UTC
377,Title 375,this is description of second task,Just Begin,0001-01-01 00:00:00 +0000 UTC,0001-01-01 00:00:00 +0000 UTC
742,Title 740,this is description of second task,Just Begin,0001-01-01 00:00:00 +0000 UTC,0001-01-01 00:00:00 +0000 UTC
802,Title 800,this is description of second task,Just Begin,0001-01-01 00:00:00 +0000 UTC,0001-01-01 00:00:00 +0000 UTC
584,Title 582,this is description of second task,Just Begin,0001-01-01 00:00:00 +0000 UTC,0001-01-01 00:00:00 +0000 UTC
763,Title 761,this is description of second task,Just Begin,0001-01-01 00:00:00 +0000 UTC,0001-01-01 00:00:00 +0000 UTC
45,Title 43,this is description of second task,Just Begin,0001-01-01 00:00:00 +0000 UTC,0001-01-01 00:00:00 +0000 UTC
115,Title 113,this is description of second task,Just Begin,0001-01-01 00:00:00 +0000 UTC,0001-01-01 00:00:00 +0000 UTC
603,Title 601,this is description of second task,Just Begin,0001-01-01 00:00:00 +0000 UTC,0001-01-01 00:00:00 +0000 UTC
870,Title 868,this is description of second task,Just Begin,0001-01-01 00:00:00 +0000 UTC,0001-01-01 00:00:00 +0000 UTC
27,Title 25,this is description of second task,Just Begin,0001-01-01 00:00:00 +0000 UTC,0001-01-01 00:00:00 +0000 UTC
89,Title 87,this is description of second task,Just Begin,0001-01-01 00:00:00 +0000 UTC,0001-01-01 00:00:00 +0000 UTC
487,Title 485,this is description of second task,Just Begin,0001-01-01 00:00:00 +0000 UTC,0001-01-01 00:00:00 +0000 UTC
701,Title 699,this is description of second task,Just Begin,0001-01-01 00:00:00 +0000 UTC,0001-01-01 00:00:00 +0000 UTC
72,Title 70,this is description of second task,Just Begin,0001-01-01 00:00:00 +0000 UTC,0001-01-01 00:00:00 +0000 UTC
144,Title 142,this is description of second task,Just Begin,0001-01-01 00:00:00 +0000 UTC,0001-01-01 00:00:00 +0000 UTC
70,Title 68,this is description of second task,Just Begin,0001-01-01 00:00:00 +0000 UTC,0001-01-01 00:00:00 +0000 UTC
143,Title 141,this is description of second task,Just Begin,0001-01-01 00:00:00 +0000 UTC,0001-01-01 00:00:00 +0000 UTC
491,Title 489,this is description of second task,Just Begin,0001-01-01 00:00:00 +0000 UTC,0001-01-01 00:00:00 +0000 UTC
641,Title 639,this is description of second task,Just Begin,0001-01-01 00:00:00 +0000 UTC,0001-01-01 00:00:00 +0000 UTC
193,Title 191,this is description of second task,Just Begin,0001-01-01 00:00:00 +0000 UTC,0001-01-01 00:00:00 +0000 UTC
336,Title 334,this is description of second task,Just Begin,0001-01-01 00:00:00 +0000 UTC,0001-01-01 00:00:00 +0000 UTC
389,Title 387,this is description of second task,Just Begin,0001-01-01 00:00:00 +0000 UTC,0001-01-01 00:00:00 +0000 UTC
391,Title 389,this is description of second task,Just Begin,0001-01-01 00:00:00 +0000 UTC,0001-01-01 00:00:00 +0000 UTC
696,Title 694,this is description of second task,Just Begin,0001-01-01 00:00:00 +0000 UTC,0001-01-01 00:00:00 +0000 UTC
811,Title 809,this is description of second task,Just Begin,0001-01-01 00:00:00 +0000 UTC,0001-01-01 00:00:00 +0000 UTC
61,Title 59,this is description of second task,Just Begin,0001-01-01 00:00:00 +0000 UTC,0001-01-01 00:00:00 +0000 UTC
141,Title 139,this is description of second task,Just Begin,0001-01-01 00:00:00 +0000 UTC,0001-01-01 00:00:00 +0000 UTC
418,Title 416,this is description of second task,Just Begin,0001-01-01 00:00:00 +0000 UTC,0001-01-01 00:00:00 +0000 UTC
460,Title 458,this is description of second task,Just Begin,0001-01-01 00:00:00 +0000 UTC,0001-01-01 00:00:00 +0000 UTC
523,Title 521,this is description of second task,Just Begin,0001-01-01 00:00:00 +0000 UTC,0001-01-01 00:00:00 +0000 UTC
967,Title 965,this is description of second task,Just Begin,0001-01-01 00:00:00 +0000 UTC,0001-01-01 00:00:00 +0000 UTC
125,Title 123,this is description of second task,Just Begin,0001-01-01 00:00:00 +0000 UTC,0001-01-01 00:00:00 +0000 UTC
449,Title 447,this is description of second task,Just Begin,0001-01-01 00:00:00 +0000 UTC,0001-01-01 00:00:00 +0000 UTC
488,Title 486,this is description of second task,Just Begin,0001-01-01 00:00:00 +0000 UTC,0001-01-01 00:00:00 +0000 UTC
721,Title 719,this is description of second task,Just Begin,0001-01-01 00:00:00 +0000 UTC,0001-01-01 00:00:00 +0000 UTC
925,Title 923,this is description of second task,Just Begin,0001-01-01 00:00:00 +0000 UTC,0001-01-01 00:00:00 +0000 UTC
952,Title 950,this is description of second task,Just Begin,0001-01-01 00:00:00 +0000 UTC,0001-01-01 00:00:00 +0000 UTC
36,Title 34,this is description of second task,Just Begin,0001-01-01 00:00:00 +0000 UTC,0001-01-01 00:00:00 +0000 UTC
424,Title 422,this is description of second task,Just Begin,0001-01-01 00:00:00 +0000 UTC,0001-01-01 00:00:00 +0000 UTC
601,Title 599,this is description of second task,Just Begin,0001-01-01 00:00:00 +0000 UTC,0001-01-01 00:00:00 +0000 UTC
938,Title 936,this is description of second task,Just Begin,0001-01-01 00:00:00 +0000 UTC,0001-01-01 00:00:00 +0000 UTC
395,Title 393,this is description of second task,Just Begin,0001-01-01 00:00:00 +0000 UTC,0001-01-01 00:00:00 +0000 UTC
923,Title 921,this is description of second task,Just Begin,0001-01-01 00:00:00 +0000 UTC,0001-01-01 00:00:00 +0000 UTC
547,Title 545,this is description of second task,Just Begin,0001-01-01 00:00:00 +0000 UTC,0001-01-01 00:00:00 +0000 UTC
292,Title 290,this is description of second task,Just Begin,0001-01-01 00:00:00 +0000 UTC,0001-01-01 00:00:00 +0000 UTC
436,Title 434,this is description of second task,Just Begin,0001-01-01 00:00:00 +0000 UTC,0001-01-01 00:00:00 +0000 UTC
577,Title 575,this is description of second task,Just Begin,0001-01-01 00:00:00 +0000 UTC,0001-01-01 00:00:00 +0000 UTC
68,Title 66,this is description of second task,Just Begin,0001-01-01 00:00:00 +0000 UTC,0001-01-01 00:00:00 +0000 UTC
298,Title 296,this is description of second task,Just Begin,0001-01-01 00:00:00 +0000 UTC,0001-01-01 00:00:00 +0000 UTC
950,Title 948,this is description of second task,Just Begin,0001-01-01 00:00:00 +0000 UTC,0001-01-01 00:00:00 +0000 UTC
210,Title 208,this is description of second task,Just Begin,0001-01-01 00:00:00 +0000 UTC,0001-01-01 00:00:00 +0000 UTC
366,Title 364,this is description of second task,Just Begin,0001-01-01 00:00:00 +0000 UTC,0001-01-01 00:00:00 +0000 UTC
57,Title 55,this is description of second task,Just Begin,0001-01-01 00:00:00 +0000 UTC,0001-01-01 00:00:00 +0000 UTC
764,Title 762,this is description of second task,Just Begin,0001-01-01 00:00:00 +0000 UTC,0001-01-01 00:00:00 +0000 UTC
535,Title 533,this is description of second task,Just Begin,0001-01-01 00:00:00 +0000 UTC,0001-01-01 00:00:00 +0000 UTC
598,Title 596,this is description of second task,Just Begin,0001-01-01 00:00:00 +0000 UTC,0001-01-01 00:00:00 +0000 UTC
211,Title 209,this is description of second task,Just Begin,0001-01-01 00:00:00 +0000 UTC,0001-01-01 00:00:00 +0000 UTC
284,Title 282,this is description of second task,Just Begin,0001-01-01 00:00:00 +0000 UTC,0001-01-01 00:00:00 +0000 UTC
413,Title 411,this is description of second task,Just Begin,0001-01-01 00:00:00 +0000 UTC,0001-01-01 00:00:00 +0000 UTC
714,Title 712,this is description of second task,Just Begin,0001-01-01 00:00:00 +0000 UTC,0001-01-01 00:00:00 +0000 UTC
738,Title 736,this is description of second task,Just Begin,0001-01-01 00:00:00 +0000 UTC,0001-01-01 00:00:00 +0000 UTC
0,Title One,this is description of second task,Just Begin,0001-01-01 00:00:00 +0000 UTC,0001-01-01 00:00:00 +0000 UTC
416,Title 414,this is description of second task,Just Begin,0001-01-01 00:00:00 +0000 UTC,0001-01-01 00:00:00 +0000 UTC
563,Title 561,this is description of second task,Just Begin,0001-01-01 00:00:00 +0000 UTC,0001-01-01 00:00:00 +0000 UTC
778,Title 776,this is description of second task,Just Begin,0001-01-01 00:00:00 +0000 UTC,0001-01-01 00:00:00 +0000 UTC
953,Title 951,this is description of second task,Just Begin,0001-01-01 00:00:00 +0000 UTC,0001-01-01 00:00:00 +0000 UTC
106,Title 104,this is description of second task,Just Begin,0001-01-01 00:00:00 +0000 UTC,0001-01-01 00:00:00 +0000 UTC
109,Title 107,this is description of second task,Just Begin,0001-01-01 00:00:00 +0000 UTC,0001-01-01 00:00:00 +0000 UTC
163,Title 161,this is description of second task,Just Begin,0001-01-01 00:00:00 +0000 UTC,0001-01-01 00:00:00 +0000 UTC
289,Title 287,this is description of second task,Just Begin,0001-01-01 00:00:00 +0000 UTC,0001-01-01 00:00:00 +0000 UTC
256,Title 254,this is description of second task,Just Begin,0001-01-01 00:00:00 +0000 UTC,0001-01-01 00:00:00 +0000 UTC
644,Title 642,this is description of second task,Just Begin,0001-01-01 00:00:00 +0000 UTC,0001-01-01 00:00:00 +0000 UTC
833,Title 831,this is description of second task,Just Begin,0001-01-01 00:00:00 +0000 UTC,0001-01-01 00:00:00 +0000 UTC
954,Title 952,this is description of second task,Just Begin,0001-01-01 00:00:00 +0000 UTC,0001-01-01 00:00:00 +0000 UTC
993,Title 991,this is description of second task,Just Begin,0001-01-01 00:00:00 +0000 UTC,0001-01-01 00:00:00 +0000 UTC
664,Title 662,this is description of second task,Just Begin,0001-01-01 00:00:00 +0000 UTC,0001-01-01 00:00:00 +0000 UTC
675,Title 673,this is description of second task,Just Begin,0001-01-01 00:00:00 +0000 UTC,0001-01-01 00:00:00 +0000 UTC
908,Title 906,this is description of second task,Just Begin,0001-01-01 00:00:00 +0000 UTC,0001-01-01 00:00:00 +0000 UTC
16,Title 14,this is description of second task,Just Begin,0001-01-01 00:00:00 +0000 UTC,0001-01-01 00:00:00 +0000 UTC
335,Title 333,this is description of second task,Just Begin,0001-01-01 00:00:00 +0000 UTC,0001-01-01 00:00:00 +0000 UTC
341,Title 339,this is description of second task,Just Begin,0001-01-01 00:00:00 +0000 UTC,0001-01-01 00:00:00 +0000 UTC
372,Title 370,this is description of second task,Just Begin,0001-01-01 00:00:00 +0000 UTC,0001-01-01 00:00:00 +0000 UTC
438,Title 436,this is description of second task,Just Begin,0001-01-01 00:00:00 +0000 UTC,0001-01-01 00:00:00 +0000 UTC
628,Title 626,this is description of second task,Just Begin,0001-01-01 00:00:00 +0000 UTC,0001-01-01 00:00:00 +0000 UTC
793,Title 791,this is description of second task,Just Begin,0001-01-01 00:00:00 +0000 UTC,0001-01-01 00:00:00 +0000 UTC
865,Title 863,this is description of second task,Just Begin,0001-01-01 00:00:00 +0000 UTC,0001-01-01 00:00:00 +0000 UTC
941,Title 939,this is description of second task,Just Begin,0001-01-01 00:00:00 +0000 UTC,0001-01-01 00:00:00 +0000 UTC
496,Title 494,this is description of second task,Just Begin,0001-01-01 00:00:00 +0000 UTC,0001-01-01 00:00:00 +0000 UTC
620,Title 618,this is description of second task,Just Begin,0001-01-01 00:00:00 +0000 UTC,0001-01-01 00:00:00 +0000 UTC
720,Title 718,this is description of second task,Just Begin,0001-01-01 00:00:00 +0000 UTC,0001-01-01 00:00:00 +0000 UTC
886,Title 884,this is description of second task,Just Begin,0001-01-01 00:00:00 +0000 UTC,0001-01-01 00:00:00 +0000 UTC
52,Title 50,this is description of second task,Just Begin,0001-01-01 00:00:00 +0000 UTC,0001-01-01 00:00:00 +0000 UTC
170,Title 168,this is description of second task,Just Begin,0001-01-01 00:00:00 +0000 UTC,0001-01-01 00:00:00 +0000 UTC
899,Title 897,this is description of second task,Just Begin,0001-01-01 00:00:00 +0000 UTC,0001-01-01 00:00:00 +0000 UTC
323,Title 321,this is description of second task,Just Begin,0001-01-01 00:00:00 +0000 UTC,0001-01-01 00:00:00 +0000 UTC
512,Title 510,this is description of second task,Just Begin,0001-01-01 00:00:00 +0000 UTC,0001-01-01 00:00:00 +0000 UTC
755,Title 753,this is description of second task,Just Begin,0001-01-01 00:00:00 +0000 UTC,0001-01-01 00:00:00 +0000 UTC
837,Title 835,this is description of second task,Just Begin,0001-01-01 00:00:00 +0000 UTC,0001-01-01 00:00:00 +0000 UTC
841,Title 839,this is description of second task,Just Begin,0001-01-01 00:00:00 +0000 UTC,0001-01-01 00:00:00 +0000 UTC
53,Title 51,this is description of second task,Just Begin,0001-01-01 00:00:00 +0000 UTC,0001-01-01 00:00:00 +0000 UTC
604,Title 602,this is description of second task,Just Begin,0001-01-01 00:00:00 +0000 UTC,0001-01-01 00:00:00 +0000 UTC
804,Title 802,this is description of second task,Just Begin,0001-01-01 00:00:00 +0000 UTC,0001-01-01 00:00:00 +0000 UTC
983,Title 981,this is description of second task,Just Begin,0001-01-01 00:00:00 +0000 UTC,0001-01-01 00:00:00 +0000 UTC
124,Title 122,this is description of second task,Just Begin,0001-01-01 00:00:00 +0000 UTC,0001-01-01 00:00:00 +0000 UTC
457,Title 455,this is description of second task,Just Begin,0001-01-01 00:00:00 +0000 UTC,0001-01-01 00:00:00 +0000 UTC
478,Title 476,this is description of second task,Just Begin,0001-01-01 00:00:00 +0000 UTC,0001-01-01 00:00:00 +0000 UTC
872,Title 870,this is description of second task,Just Begin,0001-01-01 00:00:00 +0000 UTC,0001-01-01 00:00:00 +0000 UTC
560,Title 558,this is description of second task,Just Begin,0001-01-01 00:00:00 +0000 UTC,0001-01-01 00:00:00 +0000 UTC
568,Title 566,this is description of second task,Just Begin,0001-01-01 00:00:00 +0000 UTC,0001-01-01 00:00:00 +0000 UTC
818,Title 816,this is description of second task,Just Begin,0001-01-01 00:00:00 +0000 UTC,0001-01-01 00:00:00 +0000 UTC
306,Title 304,this is description of second task,Just Begin,0001-01-01 00:00:00 +0000 UTC,0001-01-01 00:00:00 +0000 UTC
339,Title 337,this is description of second task,Just Begin,0001-01-01 00:00:00 +0000 UTC,0001-01-01 00:00:00 +0000 UTC
468,Title 466,this is description of second task,Just Begin,0001-01-01 00:00:00 +0000 UTC,0001-01-01 00:00:00 +0000 UTC
549,Title 547,this is description of second task,Just Begin,0001-01-01 00:00:00 +0000 UTC,0001-01-01 00:00:00 +0000 UTC
835,Title 833,this is description of second task,Just Begin,0001-01-01 00:00:00 +0000 UTC,0001-01-01 00:00:00 +0000 UTC
19,Title 17,this is description of second task,Just Begin,0001-01-01 00:00:00 +0000 UTC,0001-01-01 00:00:00 +0000 UTC
142,Title 140,this is description of second task,Just Begin,0001-01-01 00:00:00 +0000 UTC,0001-01-01 00:00:00 +0000 UTC
346,Title 344,this is description of second task,Just Begin,0001-01-01 00:00:00 +0000 UTC,0001-01-01 00:00:00 +0000 UTC
821,Title 819,this is description of second task,Just Begin,0001-01-01 00:00:00 +0000 UTC,0001-01-01 00:00:00 +0000 UTC
858,Title 856,this is description of second task,Just Begin,0001-01-01 00:00:00 +0000 UTC,0001-01-01 00:00:00 +0000 UTC
320,Title 318,this is description of second task,Just Begin,0001-01-01 00:00:00 +0000 UTC,0001-01-01 00:00:00 +0000 UTC
325,Title 323,this is description of second task,Just Begin,0001-01-01 00:00:00 +0000 UTC,0001-01-01 00:00:00 +0000 UTC
342,Title 340,this is description of second task,Just Begin,0001-01-01 00:00:00 +0000 UTC,0001-01-01 00:00:00 +0000 UTC
349,Title 347,this is description of second task,Just Begin,0001-01-01 00:00:00 +0000 UTC,0001-01-01 00:00:00 +0000 UTC
669,Title 667,this is description of second task,Just Begin,0001-01-01 00:00:00 +0000 UTC,0001-01-01 00:00:00 +0000 UTC
808,Title 806,this is description of second task,Just Begin,0001-01-01 00:00:00 +0000 UTC,0001-01-01 00:00:00 +0000 UTC
215,Title 213,this is description of second task,Just Begin,0001-01-01 00:00:00 +0000 UTC,0001-01-01 00:00:00 +0000 UTC
751,Title 749,this is description of second task,Just Begin,0001-01-01 00:00:00 +0000 UTC,0001-01-01 00:00:00 +0000 UTC
35,Title 33,this is description of second task,Just Begin,0001-01-01 00:00:00 +0000 UTC,0001-01-01 00:00:00 +0000 UTC
789,Title 787,this is description of second task,Just Begin,0001-01-01 00:00:00 +0000 UTC,0001-01-01 00:00:00 +0000 UTC
113,Title 111,this is description of second task,Just Begin,0001-01-01 00:00:00 +0000 UTC,0001-01-01 00:00:00 +0000 UTC
198,Title 196,this is description of second task,Just Begin,0001-01-01 00:00:00 +0000 UTC,0001-01-01 00:00:00 +0000 UTC
369,Title 367,this is description of second task,Just Begin,0001-01-01 00:00:00 +0000 UTC,0001-01-01 00:00:00 +0000 UTC
559,Title 557,this is description of second task,Just Begin,0001-01-01 00:00:00 +0000 UTC,0001-01-01 00:00:00 +0000 UTC
614,Title 612,this is description of second task,Just Begin,0001-01-01 00:00:00 +0000 UTC,0001-01-01 00:00:00 +0000 UTC
687,Title 685,this is description of second task,Just Begin,0001-01-01 00:00:00 +0000 UTC,0001-01-01 00:00:00 +0000 UTC
553,Title 551,this is description of second task,Just Begin,0001-01-01 00:00:00 +0000 UTC,0001-01-01 00:00:00 +0000 UTC
805,Title 803,this is description of second task,Just Begin,0001-01-01 00:00:00 +0000 UTC,0001-01-01 00:00:00 +0000 UTC
876,Title 874,this is description of second task,Just Begin,0001-01-01 00:00:00 +0000 UTC,0001-01-01 00:00:00 +0000 UTC
237,Title 235,this is description of second task,Just Begin,0001-01-01 00:00:00 +0000 UTC,0001-01-01 00:00:00 +0000 UTC
602,Title 600,this is description of second task,Just Begin,0001-01-01 00:00:00 +0000 UTC,0001-01-01 00:00:00 +0000 UTC
822,Title 820,this is description of second task,Just Begin,0001-01-01 00:00:00 +0000 UTC,0001-01-01 00:00:00 +0000 UTC
844,Title 842,this is description of second task,Just Begin,0001-01-01 00:00:00 +0000 UTC,0001-01-01 00:00:00 +0000 UTC
919,Title 917,this is description of second task,Just Begin,0001-01-01 00:00:00 +0000 UTC,0001-01-01 00:00:00 +0000 UTC
985,Title 983,this is description of second task,Just Begin,0001-01-01 00:00:00 +0000 UTC,0001-01-01 00:00:00 +0000 UTC
550,Title 548,this is description of second task,Just Begin,0001-01-01 00:00:00 +0000 UTC,0001-01-01 00:00:00 +0000 UTC
118,Title 116,this is description of second task,Just Begin,0001-01-01 00:00:00 +0000 UTC,0001-01-01 00:00:00 +0000 UTC
315,Title 313,this is description of second task,Just Begin,0001-01-01 00:00:00 +0000 UTC,0001-01-01 00:00:00 +0000 UTC
415,Title 413,this is description of second task,Just Begin,0001-01-01 00:00:00 +0000 UTC,0001-01-01 00:00:00 +0000 UTC
807,Title 805,this is description of second task,Just Begin,0001-01-01 00:00:00 +0000 UTC,0001-01-01 00:00:00 +0000 UTC
860,Title 858,this is description of second task,Just Begin,0001-01-01 00:00:00 +0000 UTC,0001-01-01 00:00:00 +0000 UTC
943,Title 941,this is description of second task,Just Begin,0001-01-01 00:00:00 +0000 UTC,0001-01-01 00:00:00 +0000 UTC
140,Title 138,this is description of second task,Just Begin,0001-01-01 00:00:00 +0000 UTC,0001-01-01 00:00:00 +0000 UTC
345,Title 343,this is description of second task,Just Begin,0001-01-01 00:00:00 +0000 UTC,0001-01-01 00:00:00 +0000 UTC
903,Title 901,this is description of second task,Just Begin,0001-01-01 00:00:00 +0000 UTC,0001-01-01 00:00:00 +0000 UTC
486,Title 484,this is description of second task,Just Begin,0001-01-01 00:00:00 +0000 UTC,0001-01-01 00:00:00 +0000 UTC
689,Title 687,this is description of second task,Just Begin,0001-01-01 00:00:00 +0000 UTC,0001-01-01 00:00:00 +0000 UTC
777,Title 775,this is description of second task,Just Begin,0001-01-01 00:00:00 +0000 UTC,0001-01-01 00:00:00 +0000 UTC
24,Title 22,this is description of second task,Just Begin,0001-01-01 00:00:00 +0000 UTC,0001-01-01 00:00:00 +0000 UTC
64,Title 62,this is description of second task,Just Begin,0001-01-01 00:00:00 +0000 UTC,0001-01-01 00:00:00 +0000 UTC
65,Title 63,this is description of second task,Just Begin,0001-01-01 00:00:00 +0000 UTC,0001-01-01 00:00:00 +0000 UTC
176,Title 174,this is description of second task,Just Begin,0001-01-01 00:00:00 +0000 UTC,0001-01-01 00:00:00 +0000 UTC
227,Title 225,this is description of second task,Just Begin,0001-01-01 00:00:00 +0000 UTC,0001-01-01 00:00:00 +0000 UTC
638,Title 636,this is description of second task,Just Begin,0001-01-01 00:00:00 +0000 UTC,0001-01-01 00:00:00 +0000 UTC
725,Title 723,this is description of second task,Just Begin,0001-01-01 00:00:00 +0000 UTC,0001-01-01 00:00:00 +0000 UTC
117,Title 115,this is description of second task,Just Begin,0001-01-01 00:00:00 +0000 UTC,0001-01-01 00:00:00 +0000 UTC
236,Title 234,this is description of second task,Just Begin,0001-01-01 00:00:00 +0000 UTC,0001-01-01 00:00:00 +0000 UTC
681,Title 679,this is description of second task,Just Begin,0001-01-01 00:00:00 +0000 UTC,0001-01-01 00:00:00 +0000 UTC
522,Title 520,this is description of second task,Just Begin,0001-01-01 00:00:00 +0000 UTC,0001-01-01 00:00:00 +0000 UTC
534,Title 532,this is description of second task,Just Begin,0001-01-01 00:00:00 +0000 UTC,0001-01-01 00:00:00 +0000 UTC
271,Title 269,this is description of second task,Just Begin,0001-01-01 00:00:00 +0000 UTC,0001-01-01 00:00:00 +0000 UTC
425,Title 423,this is description of second task,Just Begin,0001-01-01 00:00:00 +0000 UTC,0001-01-01 00:00:00 +0000 UTC
695,Title 693,this is description of second task,Just Begin,0001-01-01 00:00:00 +0000 UTC,0001-01-01 00:00:00 +0000 UTC
823,Title 821,this is description of second task,Just Begin,0001-01-01 00:00:00 +0000 UTC,0001-01-01 00:00:00 +0000 UTC
257,Title 255,this is description of second task,Just Begin,0001-01-01 00:00:00 +0000 UTC,0001-01-01 00:00:00 +0000 UTC
262,Title 260,this is description of second task,Just Begin,0001-01-01 00:00:00 +0000 UTC,0001-01-01 00:00:00 +0000 UTC
1000,Title 998,this is description of second task,Just Begin,0001-01-01 00:00:00 +0000 UTC,0001-01-01 00:00:00 +0000 UTC
220,Title 218,this is description of second task,Just Begin,0001-01-01 00:00:00 +0000 UTC,0001-01-01 00:00:00 +0000 UTC
380,Title 378,this is description of second task,Just Begin,0001-01-01 00:00:00 +0000 UTC,0001-01-01 00:00:00 +0000 UTC
595,Title 593,this is description of second task,Just Begin,0001-01-01 00:00:00 +0000 UTC,0001-01-01 00:00:00 +0000 UTC
864,Title 862,this is description of second task,Just Begin,0001-01-01 00:00:00 +0000 UTC,0001-01-01 00:00:00 +0000 UTC
272,Title 270,this is description of second task,Just Begin,0001-01-01 00:00:00 +0000 UTC,0001-01-01 00:00:00 +0000 UTC
455,Title 453,this is description of second task,Just Begin,0001-01-01 00:00:00 +0000 UTC,0001-01-01 00:00:00 +0000 UTC
31,Title 29,this is description of second task,Just Begin,0001-01-01 00:00:00 +0000 UTC,0001-01-01 00:00:00 +0000 UTC
153,Title 151,this is description of second task,Just Begin,0001-01-01 00:00:00 +0000 UTC,0001-01-01 00:00:00 +0000 UTC
585,Title 583,this is description of second task,Just Begin,0001-01-01 00:00:00 +0000 UTC,0001-01-01 00:00:00 +0000 UTC
663,Title 661,this is description of second task,Just Begin,0001-01-01 00:00:00 +0000 UTC,0001-01-01 00:00:00 +0000 UTC
970,Title 968,this is description of second task,Just Begin,0001-01-01 00:00:00 +0000 UTC,0001-01-01 00:00:00 +0000 UTC
998,Title 996,this is description of second task,Just Begin,0001-01-01 00:00:00 +0000 UTC,0001-01-01 00:00:00 +0000 UTC
999,Title 997,this is description of second task,Just Begin,0001-01-01 00:00:00 +0000 UTC,0001-01-01 00:00:00 +0000 UTC
78,Title 76,this is description of second task,Just Begin,0001-01-01 00:00:00 +0000 UTC,0001-01-01 00:00:00 +0000 UTC
165,Title 163,this is description of second task,Just Begin,0001-01-01 00:00:00 +0000 UTC,0001-01-01 00:00:00 +0000 UTC
462,Title 460,this is description of second task,Just Begin,0001-01-01 00:00:00 +0000 UTC,0001-01-01 00:00:00 +0000 UTC
466,Title 464,this is description of second task,Just Begin,0001-01-01 00:00:00 +0000 UTC,0001-01-01 00:00:00 +0000 UTC
495,Title 493,this is description of second task,Just Begin,0001-01-01 00:00:00 +0000 UTC,0001-01-01 00:00:00 +0000 UTC
636,Title 634,this is description of second task,Just Begin,0001-01-01 00:00:00 +0000 UTC,0001-01-01 00:00:00 +0000 UTC
137,Title 135,this is description of second task,Just Begin,0001-01-01 00:00:00 +0000 UTC,0001-01-01 00:00:00 +0000 UTC
244,Title 242,this is description of second task,Just Begin,0001-01-01 00:00:00 +0000 UTC,0001-01-01 00:00:00 +0000 UTC
359,Title 357,this is description of second task,Just Begin,0001-01-01 00:00:00 +0000 UTC,0001-01-01 00:00:00 +0000 UTC
608,Title 606,this is description of second task,Just Begin,0001-01-01 00:00:00 +0000 UTC,0001-01-01 00:00:00 +0000 UTC
979,Title 977,this is description of second task,Just Begin,0001-01-01 00:00:00 +0000 UTC,0001-01-01 00:00:00 +0000 UTC
102,Title 100,this is description of second task,Just Begin,0001-01-01 00:00:00 +0000 UTC,0001-01-01 00:00:00 +0000 UTC
127,Title 125,this is description of second task,Just Begin,0001-01-01 00:00:00 +0000 UTC,0001-01-01 00:00:00 +0000 UTC
148,Title 146,this is description of second task,Just Begin,0001-01-01 00:00:00 +0000 UTC,0001-01-01 00:00:00 +0000 UTC
199,Title 197,this is description of second task,Just Begin,0001-01-01 00:00:00 +0000 UTC,0001-01-01 00:00:00 +0000 UTC
582,Title 580,this is description of second task,Just Begin,0001-01-01 00:00:00 +0000 UTC,0001-01-01 00:00:00 +0000 UTC
651,Title 649,this is description of second task,Just Begin,0001-01-01 00:00:00 +0000 UTC,0001-01-01 00:00:00 +0000 UTC
780,Title 778,this is description of second task,Just Begin,0001-01-01 00:00:00 +0000 UTC,0001-01-01 00:00:00 +0000 UTC
358,Title 356,this is description of second task,Just Begin,0001-01-01 00:00:00 +0000 UTC,0001-01-01 00:00:00 +0000 UTC
567,Title 565,this is description of second task,Just Begin,0001-01-01 00:00:00 +0000 UTC,0001-01-01 00:00:00 +0000 UTC
594,Title 592,this is description of second task,Just Begin,0001-01-01 00:00:00 +0000 UTC,0001-01-01 00:00:00 +0000 UTC
711,Title 709,this is description of second task,Just Begin,0001-01-01 00:00:00 +0000 UTC,0001-01-01 00:00:00 +0000 UTC
100,Title 98,this is description of second task,Just Begin,0001-01-01 00:00:00 +0000 UTC,0001-01-01 00:00:00 +0000 UTC
290,Title 288,this is description of second task,Just Begin,0001-01-01 00:00:00 +0000 UTC,0001-01-01 00:00:00 +0000 UTC
303,Title 301,this is description of second task,Just Begin,0001-01-01 00:00:00 +0000 UTC,0001-01-01 00:00:00 +0000 UTC
86,Title 84,this is description of second task,Just Begin,0001-01-01 00:00:00 +0000 UTC,0001-01-01 00:00:00 +0000 UTC
825,Title 823,this is description of second task,Just Begin,0001-01-01 00:00:00 +0000 UTC,0001-01-01 00:00:00 +0000 UTC
859,Title 857,this is description of second task,Just Begin,0001-01-01 00:00:00 +0000 UTC,0001-01-01 00:00:00 +0000 UTC
337,Title 335,this is description of second task,Just Begin,0001-01-01 00:00:00 +0000 UTC,0001-01-01 00:00:00 +0000 UTC
500,Title 498,this is description of second task,Just Begin,0001-01-01 00:00:00 +0000 UTC,0001-01-01 00:00:00 +0000 UTC
592,Title 590,this is description of second task,Just Begin,0001-01-01 00:00:00 +0000 UTC,0001-01-01 00:00:00 +0000 UTC
959,Title 957,this is description of second task,Just Begin,0001-01-01 00:00:00 +0000 UTC,0001-01-01 00:00:00 +0000 UTC
217,Title 215,this is description of second task,Just Begin,0001-01-01 00:00:00 +0000 UTC,0001-01-01 00:00:00 +0000 UTC
251,Title 249,this is description of second task,Just Begin,0001-01-01 00:00:00 +0000 UTC,0001-01-01 00:00:00 +0000 UTC
518,Title 516,this is description of second task,Just Begin,0001-01-01 00:00:00 +0000 UTC,0001-01-01 00:00:00 +0000 UTC
627,Title 625,this is description of second task,Just Begin,0001-01-01 00:00:00 +0000 UTC,0001-01-01 00:00:00 +0000 UTC
951,Title 949,this is description of second task,Just Begin,0001-01-01 00:00:00 +0000 UTC,0001-01-01 00:00:00 +0000 UTC
146,Title 144,this is description of second task,Just Begin,0001-01-01 00:00:00 +0000 UTC,0001-01-01 00:00:00 +0000 UTC
386,Title 384,this is description of second task,Just Begin,0001-01-01 00:00:00 +0000 UTC,0001-01-01 00:00:00 +0000 UTC
552,Title 550,this is description of second task,Just Begin,0001-01-01 00:00:00 +0000 UTC,0001-01-01 00:00:00 +0000 UTC
590,Title 588,this is description of second task,Just Begin,0001-01-01 00:00:00 +0000 UTC,0001-01-01 00:00:00 +0000 UTC
816,Title 814,this is description of second task,Just Begin,0001-01-01 00:00:00 +0000 UTC,0001-01-01 00:00:00 +0000 UTC
50,Title 48,this is description of second task,Just Begin,0001-01-01 00:00:00 +0000 UTC,0001-01-01 00:00:00 +0000 UTC
63,Title 61,this is description of second task,Just Begin,0001-01-01 00:00:00 +0000 UTC,0001-01-01 00:00:00 +0000 UTC
93,Title 91,this is description of second task,Just Begin,0001-01-01 00:00:00 +0000 UTC,0001-01-01 00:00:00 +0000 UTC
447,Title 445,this is description of second task,Just Begin,0001-01-01 00:00:00 +0000 UTC,0001-01-01 00:00:00 +0000 UTC
511,Title 509,this is description of second task,Just Begin,0001-01-01 00:00:00 +0000 UTC,0001-01-01 00:00:00 +0000 UTC
398,Title 396,this is description of second task,Just Begin,0001-01-01 00:00:00 +0000 UTC,0001-01-01 00:00:00 +0000 UTC
162,Title 160,this is description of second task,Just Begin,0001-01-01 00:00:00 +0000 UTC,0001-01-01 00:00:00 +0000 UTC
200,Title 198,this is description of second task,Just Begin,0001-01-01 00:00:00 +0000 UTC,0001-01-01 00:00:00 +0000 UTC
514,Title 512,this is description of second task,Just Begin,0001-01-01 00:00:00 +0000 UTC,0001-01-01 00:00:00 +0000 UTC
781,Title 779,this is description of second task,Just Begin,0001-01-01 00:00:00 +0000 UTC,0001-01-01 00:00:00 +0000 UTC
212,Title 210,this is description of second task,Just Begin,0001-01-01 00:00:00 +0000 UTC,0001-01-01 00:00:00 +0000 UTC
376,Title 374,this is description of second task,Just Begin,0001-01-01 00:00:00 +0000 UTC,0001-01-01 00:00:00 +0000 UTC
715,Title 713,this is description of second task,Just Begin,0001-01-01 00:00:00 +0000 UTC,0001-01-01 00:00:00 +0000 UTC
851,Title 849,this is description of second task,Just Begin,0001-01-01 00:00:00 +0000 UTC,0001-01-01 00:00:00 +0000 UTC
971,Title 969,this is description of second task,Just Begin,0001-01-01 00:00:00 +0000 UTC,0001-01-01 00:00:00 +0000 UTC
158,Title 156,this is description of second task,Just Begin,0001-01-01 00:00:00 +0000 UTC,0001-01-01 00:00:00 +0000 UTC
184,Title 182,this is description of second task,Just Begin,0001-01-01 00:00:00 +0000 UTC,0001-01-01 00:00:00 +0000 UTC
435,Title 433,this is description of second task,Just Begin,0001-01-01 00:00:00 +0000 UTC,0001-01-01 00:00:00 +0000 UTC
578,Title 576,this is description of second task,Just Begin,0001-01-01 00:00:00 +0000 UTC,0001-01-01 00:00:00 +0000 UTC
783,Title 781,this is description of second task,Just Begin,0001-01-01 00:00:00 +0000 UTC,0001-01-01 00:00:00 +0000 UTC
869,Title 867,this is description of second task,Just Begin,0001-01-01 00:00:00 +0000 UTC,0001-01-01 00:00:00 +0000 UTC
41,Title 39,this is description of second task,Just Begin,0001-01-01 00:00:00 +0000 UTC,0001-01-01 00:00:00 +0000 UTC
506,Title 504,this is description of second task,Just Begin,0001-01-01 00:00:00 +0000 UTC,0001-01-01 00:00:00 +0000 UTC
564,Title 562,this is description of second task,Just Begin,0001-01-01 00:00:00 +0000 UTC,0001-01-01 00:00:00 +0000 UTC
964,Title 962,this is description of second task,Just Begin,0001-01-01 00:00:00 +0000 UTC,0001-01-01 00:00:00 +0000 UTC
340,Title 338,this is description of second task,Just Begin,0001-01-01 00:00:00 +0000 UTC,0001-01-01 00:00:00 +0000 UTC
392,Title 390,this is description of second task,Just Begin,0001-01-01 00:00:00 +0000 UTC,0001-01-01 00:00:00 +0000 UTC
434,Title 432,this is description of second task,Just Begin,0001-01-01 00:00:00 +0000 UTC,0001-01-01 00:00:00 +0000 UTC
542,Title 540,this is description of second task,Just Begin,0001-01-01 00:00:00 +0000 UTC,0001-01-01 00:00:00 +0000 UTC
737,Title 735,this is description of second task,Just Begin,0001-01-01 00:00:00 +0000 UTC,0001-01-01 00:00:00 +0000 UTC
829,Title 827,this is description of second task,Just Begin,0001-01-01 00:00:00 +0000 UTC,0001-01-01 00:00:00 +0000 UTC
847,Title 845,this is description of second task,Just Begin,0001-01-01 00:00:00 +0000 UTC,0001-01-01 00:00:00 +0000 UTC
87,Title 85,this is description of second task,Just Begin,0001-01-01 00:00:00 +0000 UTC,0001-01-01 00:00:00 +0000 UTC
311,Title 309,this is description of second task,Just Begin,0001-01-01 00:00:00 +0000 UTC,0001-01-01 00:00:00 +0000 UTC
890,Title 888,this is description of second task,Just Begin,0001-01-01 00:00:00 +0000 UTC,0001-01-01 00:00:00 +0000 UTC
955,Title 953,this is description of second task,Just Begin,0001-01-01 00:00:00 +0000 UTC,0001-01-01 00:00:00 +0000 UTC
296,Title 294,this is description of second task,Just Begin,0001-01-01 00:00:00 +0000 UTC,0001-01-01 00:00:00 +0000 UTC
787,Title 785,this is description of second task,Just Begin,0001-01-01 00:00:00 +0000 UTC,0001-01-01 00:00:00 +0000 UTC
139,Title 137,this is description of second task,Just Begin,0001-01-01 00:00:00 +0000 UTC,0001-01-01 00:00:00 +0000 UTC
295,Title 293,this is description of second task,Just Begin,0001-01-01 00:00:00 +0000 UTC,0001-01-01 00:00:00 +0000 UTC
388,Title 386,this is description of second task,Just Begin,0001-01-01 00:00:00 +0000 UTC,0001-01-01 00:00:00 +0000 UTC
949,Title 947,this is description of second task,Just Begin,0001-01-01 00:00:00 +0000 UTC,0001-01-01 00:00:00 +0000 UTC
324,Title 322,this is description of second task,Just Begin,0001-01-01 00:00:00 +0000 UTC,0001-01-01 00:00:00 +0000 UTC
371,Title 369,this is description of second task,Just Begin,0001-01-01 00:00:00 +0000 UTC,0001-01-01 00:00:00 +0000 UTC
617,Title 615,this is description of second task,Just Begin,0001-01-01 00:00:00 +0000 UTC,0001-01-01 00:00:00 +0000 UTC
973,Title 971,this is description of second task,Just Begin,0001-01-01 00:00:00 +0000 UTC,0001-01-01 00:00:00 +0000 UTC
707,Title 705,this is description of second task,Just Begin,0001-01-01 00:00:00 +0000 UTC,0001-01-01 00:00:00 +0000 UTC
120,Title 118,this is description of second task,Just Begin,0001-01-01 00:00:00 +0000 UTC,0001-01-01 00:00:00 +0000 UTC
589,Title 587,this is description of second task,Just Begin,0001-01-01 00:00:00 +0000 UTC,0001-01-01 00:00:00 +0000 UTC
726,Title 724,this is description of second task,Just Begin,0001-01-01 00:00:00 +0000 UTC,0001-01-01 00:00:00 +0000 UTC
713,Title 711,this is description of second task,Just Begin,0001-01-01 00:00:00 +0000 UTC,0001-01-01 00:00:00 +0000 UTC
190,Title 188,this is description of second task,Just Begin,0001-01-01 00:00:00 +0000 UTC,0001-01-01 00:00:00 +0000 UTC
213,Title 211,this is description of second task,Just Begin,0001-01-01 00:00:00 +0000 UTC,0001-01-01 00:00:00 +0000 UTC
414,Title 412,this is description of second task,Just Begin,0001-01-01 00:00:00 +0000 UTC,0001-01-01 00:00:00 +0000 UTC
524,Title 522,this is description of second task,Just Begin,0001-01-01 00:00:00 +0000 UTC,0001-01-01 00:00:00 +0000 UTC
615,Title 613,this is description of second task,Just Begin,0001-01-01 00:00:00 +0000 UTC,0001-01-01 00:00:00 +0000 UTC
625,Title 623,this is description of second task,Just Begin,0001-01-01 00:00:00 +0000 UTC,0001-01-01 00:00:00 +0000 UTC
662,Title 660,this is description of second task,Just Begin,0001-01-01 00:00:00 +0000 UTC,0001-01-01 00:00:00 +0000 UTC
724,Title 722,this is description of second task,Just Begin,0001-01-01 00:00:00 +0000 UTC,0001-01-01 00:00:00 +0000 UTC
770,Title 768,this is description of second task,Just Begin,0001-01-01 00:00:00 +0000 UTC,0001-01-01 00:00:00 +0000 UTC
885,Title 883,this is description of second task,Just Begin,0001-01-01 00:00:00 +0000 UTC,0001-01-01 00:00:00 +0000 UTC
326,Title 324,this is description of second task,Just Begin,0001-01-01 00:00:00 +0000 UTC,0001-01-01 00:00:00 +0000 UTC
13,Title 11,this is description of second task,Just Begin,0001-01-01 00:00:00 +0000 UTC,0001-01-01 00:00:00 +0000 UTC
133,Title 131,this is description of second task,Just Begin,0001-01-01 00:00:00 +0000 UTC,0001-01-01 00:00:00 +0000 UTC
333,Title 331,this is description of second task,Just Begin,0001-01-01 00:00:00 +0000 UTC,0001-01-01 00:00:00 +0000 UTC
862,Title 860,this is description of second task,Just Begin,0001-01-01 00:00:00 +0000 UTC,0001-01-01 00:00:00 +0000 UTC
365,Title 363,this is description of second task,Just Begin,0001-01-01 00:00:00 +0000 UTC,0001-01-01 00:00:00 +0000 UTC
464,Title 462,this is description of second task,Just Begin,0001-01-01 00:00:00 +0000 UTC,0001-01-01 00:00:00 +0000 UTC
489,Title 487,this is description of second task,Just Begin,0001-01-01 00:00:00 +0000 UTC,0001-01-01 00:00:00 +0000 UTC
639,Title 637,this is description of second task,Just Begin,0001-01-01 00:00:00 +0000 UTC,0001-01-01 00:00:00 +0000 UTC
691,Title 689,this is description of second task,Just Begin,0001-01-01 00:00:00 +0000 UTC,0001-01-01 00:00:00 +0000 UTC
893,Title 891,this is description of second task,Just Begin,0001-01-01 00:00:00 +0000 UTC,0001-01-01 00:00:00 +0000 UTC
927,Title 925,this is description of second task,Just Begin,0001-01-01 00:00:00 +0000 UTC,0001-01-01 00:00:00 +0000 UTC
173,Title 171,this is description of second task,Just Begin,0001-01-01 00:00:00 +0000 UTC,0001-01-01 00:00:00 +0000 UTC
197,Title 195,this is description of second task,Just Begin,0001-01-01 00:00:00 +0000 UTC,0001-01-01 00:00:00 +0000 UTC
399,Title 397,this is description of second task,Just Begin,0001-01-01 00:00:00 +0000 UTC,0001-01-01 00:00:00 +0000 UTC
545,Title 543,this is description of second task,Just Begin,0001-01-01 00:00:00 +0000 UTC,0001-01-01 00:00:00 +0000 UTC
831,Title 829,this is description of second task,Just Begin,0001-01-01 00:00:00 +0000 UTC,0001-01-01 00:00:00 +0000 UTC
960,Title 958,this is description of second task,Just Begin,0001-01-01 00:00:00 +0000 UTC,0001-01-01 00:00:00 +0000 UTC
99,Title 97,this is description of second task,Just Begin,0001-01-01 00:00:00 +0000 UTC,0001-01-01 00:00:00 +0000 UTC
206,Title 204,this is description of second task,Just Begin,0001-01-01 00:00:00 +0000 UTC,0001-01-01 00:00:00 +0000 UTC
343,Title 341,this is description of second task,Just Begin,0001-01-01 00:00:00 +0000 UTC,0001-01-01 00:00:00 +0000 UTC
611,Title 609,this is description of second task,Just Begin,0001-01-01 00:00:00 +0000 UTC,0001-01-01 00:00:00 +0000 UTC
92,Title 90,this is description of second task,Just Begin,0001-01-01 00:00:00 +0000 UTC,0001-01-01 00:00:00 +0000 UTC
229,Title 227,this is description of second task,Just Begin,0001-01-01 00:00:00 +0000 UTC,0001-01-01 00:00:00 +0000 UTC
797,Title 795,this is description of second task,Just Begin,0001-01-01 00:00:00 +0000 UTC,0001-01-01 00:00:00 +0000 UTC
18,Title 16,this is description of second task,Just Begin,0001-01-01 00:00:00 +0000 UTC,0001-01-01 00:00:00 +0000 UTC
177,Title 175,this is description of second task,Just Begin,0001-01-01 00:00:00 +0000 UTC,0001-01-01 00:00:00 +0000 UTC
207,Title 205,this is description of second task,Just Begin,0001-01-01 00:00:00 +0000 UTC,0001-01-01 00:00:00 +0000 UTC
834,Title 832,this is description of second task,Just Begin,0001-01-01 00:00:00 +0000 UTC,0001-01-01 00:00:00 +0000 UTC
995,Title 993,this is description of second task,Just Begin,0001-01-01 00:00:00 +0000 UTC,0001-01-01 00:00:00 +0000 UTC
281,Title 279,this is description of second task,Just Begin,0001-01-01 00:00:00 +0000 UTC,0001-01-01 00:00:00 +0000 UTC
443,Title 441,this is description of second task,Just Begin,0001-01-01 00:00:00 +0000 UTC,0001-01-01 00:00:00 +0000 UTC
465,Title 463,this is description of second task,Just Begin,0001-01-01 00:00:00 +0000 UTC,0001-01-01 00:00:00 +0000 UTC
957,Title 955,this is description of second task,Just Begin,0001-01-01 00:00:00 +0000 UTC,0001-01-01 00:00:00 +0000 UTC
224,Title 222,this is description of second task,Just Begin,0001-01-01 00:00:00 +0000 UTC,0001-01-01 00:00:00 +0000 UTC
690,Title 688,this is description of second task,Just Begin,0001-01-01 00:00:00 +0000 UTC,0001-01-01 00:00:00 +0000 UTC
845,Title 843,this is description of second task,Just Begin,0001-01-01 00:00:00 +0000 UTC,0001-01-01 00:00:00 +0000 UTC
209,Title 207,this is description of second task,Just Begin,0001-01-01 00:00:00 +0000 UTC,0001-01-01 00:00:00 +0000 UTC
480,Title 478,this is description of second task,Just Begin,0001-01-01 00:00:00 +0000 UTC,0001-01-01 00:00:00 +0000 UTC
515,Title 513,this is description of second task,Just Begin,0001-01-01 00:00:00 +0000 UTC,0001-01-01 00:00:00 +0000 UTC
857,Title 855,this is description of second task,Just Begin,0001-01-01 00:00:00 +0000 UTC,0001-01-01 00:00:00 +0000 UTC
453,Title 451,this is description of second task,Just Begin,0001-01-01 00:00:00 +0000 UTC,0001-01-01 00:00:00 +0000 UTC
966,Title 964,this is description of second task,Just Begin,0001-01-01 00:00:00 +0000 UTC,0001-01-01 00:00:00 +0000 UTC
46,Title 44,this is description of second task,Just Begin,0001-01-01 00:00:00 +0000 UTC,0001-01-01 00:00:00 +0000 UTC
230,Title 228,this is description of second task,Just Begin,0001-01-01 00:00:00 +0000 UTC,0001-01-01 00:00:00 +0000 UTC
671,Title 669,this is description of second task,Just Begin,0001-01-01 00:00:00 +0000 UTC,0001-01-01 00:00:00 +0000 UTC
169,Title 167,this is description of second task,Just Begin,0001-01-01 00:00:00 +0000 UTC,0001-01-01 00:00:00 +0000 UTC
801,Title 799,this is description of second task,Just Begin,0001-01-01 00:00:00 +0000 UTC,0001-01-01 00:00:00 +0000 UTC
20,Title 18,this is description of second task,Just Begin,0001-01-01 00:00:00 +0000 UTC,0001-01-01 00:00:00 +0000 UTC
277,Title 275,this is description of second task,Just Begin,0001-01-01 00:00:00 +0000 UTC,0001-01-01 00:00:00 +0000 UTC
935,Title 933,this is description of second task,Just Begin,0001-01-01 00:00:00 +0000 UTC,0001-01-01 00:00:00 +0000 UTC
82,Title 80,this is description of second task,Just Begin,0001-01-01 00:00:00 +0000 UTC,0001-01-01 00:00:00 +0000 UTC
348,Title 346,this is description of second task,Just Begin,0001-01-01 00:00:00 +0000 UTC,0001-01-01 00:00:00 +0000 UTC
362,Title 360,this is description of second task,Just Begin,0001-01-01 00:00:00 +0000 UTC,0001-01-01 00:00:00 +0000 UTC
264,Title 262,this is description of second task,Just Begin,0001-01-01 00:00:00 +0000 UTC,0001-01-01 00:00:00 +0000 UTC
378,Title 376,this is description of second task,Just Begin,0001-01-01 00:00:00 +0000 UTC,0001-01-01 00:00:00 +0000 UTC
779,Title 777,this is description of second task,Just Begin,0001-01-01 00:00:00 +0000 UTC,0001-01-01 00:00:00 +0000 UTC
226,Title 224,this is description of second task,Just Begin,0001-01-01 00:00:00 +0000 UTC,0001-01-01 00:00:00 +0000 UTC
404,Title 402,this is description of second task,Just Begin,0001-01-01 00:00:00 +0000 UTC,0001-01-01 00:00:00 +0000 UTC
417,Title 415,this is description of second task,Just Begin,0001-01-01 00:00:00 +0000 UTC,0001-01-01 00:00:00 +0000 UTC
739,Title 737,this is description of second task,Just Begin,0001-01-01 00:00:00 +0000 UTC,0001-01-01 00:00:00 +0000 UTC
969,Title 967,this is description of second task,Just Begin,0001-01-01 00:00:00 +0000 UTC,0001-01-01 00:00:00 +0000 UTC
375,Title 373,this is description of second task,Just Begin,0001-01-01 00:00:00 +0000 UTC,0001-01-01 00:00:00 +0000 UTC
684,Title 682,this is description of second task,Just Begin,0001-01-01 00:00:00 +0000 UTC,0001-01-01 00:00:00 +0000 UTC
147,Title 145,this is description of second task,Just Begin,0001-01-01 00:00:00 +0000 UTC,0001-01-01 00:00:00 +0000 UTC
741,Title 739,this is description of second task,Just Begin,0001-01-01 00:00:00 +0000 UTC,0001-01-01 00:00:00 +0000 UTC
561,Title 559,this is description of second task,Just Begin,0001-01-01 00:00:00 +0000 UTC,0001-01-01 00:00:00 +0000 UTC
861,Title 859,this is description of second task,Just Begin,0001-01-01 00:00:00 +0000 UTC,0001-01-01 00:00:00 +0000 UTC
267,Title 265,this is description of second task,Just Begin,0001-01-01 00:00:00 +0000 UTC,0001-01-01 00:00:00 +0000 UTC
280,Title 278,this is description of second task,Just Begin,0001-01-01 00:00:00 +0000 UTC,0001-01-01 00:00:00 +0000 UTC
291,Title 289,this is description of second task,Just Begin,0001-01-01 00:00:00 +0000 UTC,0001-01-01 00:00:00 +0000 UTC
538,Title 536,this is description of second task,Just Begin,0001-01-01 00:00:00 +0000 UTC,0001-01-01 00:00:00 +0000 UTC
591,Title 589,this is description of second task,Just Begin,0001-01-01 00:00:00 +0000 UTC,0001-01-01 00:00:00 +0000 UTC
904,Title 902,this is description of second task,Just Begin,0001-01-01 00:00:00 +0000 UTC,0001-01-01 00:00:00 +0000 UTC
30,Title 28,this is description of second task,Just Begin,0001-01-01 00:00:00 +0000 UTC,0001-01-01 00:00:00 +0000 UTC
167,Title 165,this is description of second task,Just Begin,0001-01-01 00:00:00 +0000 UTC,0001-01-01 00:00:00 +0000 UTC
456,Title 454,this is description of second task,Just Begin,0001-01-01 00:00:00 +0000 UTC,0001-01-01 00:00:00 +0000 UTC
914,Title 912,this is description of second task,Just Begin,0001-01-01 00:00:00 +0000 UTC,0001-01-01 00:00:00 +0000 UTC
42,Title 40,this is description of second task,Just Begin,0001-01-01 00:00:00 +0000 UTC,0001-01-01 00:00:00 +0000 UTC
94,Title 92,this is description of second task,Just Begin,0001-01-01 00:00:00 +0000 UTC,0001-01-01 00:00:00 +0000 UTC
97,Title 95,this is description of second task,Just Begin,0001-01-01 00:00:00 +0000 UTC,0001-01-01 00:00:00 +0000 UTC
108,Title 106,this is description of second task,Just Begin,0001-01-01 00:00:00 +0000 UTC,0001-01-01 00:00:00 +0000 UTC
305,Title 303,this is description of second task,Just Begin,0001-01-01 00:00:00 +0000 UTC,0001-01-01 00:00:00 +0000 UTC
517,Title 515,this is description of second task,Just Begin,0001-01-01 00:00:00 +0000 UTC,0001-01-01 00:00:00 +0000 UTC
174,Title 172,this is description of second task,Just Begin,0001-01-01 00:00:00 +0000 UTC,0001-01-01 00:00:00 +0000 UTC
357,Title 355,this is description of second task,Just Begin,0001-01-01 00:00:00 +0000 UTC,0001-01-01 00:00:00 +0000 UTC
630,Title 628,this is description of second task,Just Begin,0001-01-01 00:00:00 +0000 UTC,0001-01-01 00:00:00 +0000 UTC
674,Title 672,this is description of second task,Just Begin,0001-01-01 00:00:00 +0000 UTC,0001-01-01 00:00:00 +0000 UTC
790,Title 788,this is description of second task,Just Begin,0001-01-01 00:00:00 +0000 UTC,0001-01-01 00:00:00 +0000 UTC
44,Title 42,this is description of second task,Just Begin,0001-01-01 00:00:00 +0000 UTC,0001-01-01 00:00:00 +0000 UTC
354,Title 352,this is description of second task,Just Begin,0001-01-01 00:00:00 +0000 UTC,0001-01-01 00:00:00 +0000 UTC
469,Title 467,this is description of second task,Just Begin,0001-01-01 00:00:00 +0000 UTC,0001-01-01 00:00:00 +0000 UTC
924,Title 922,this is description of second task,Just Begin,0001-01-01 00:00:00 +0000 UTC,0001-01-01 00:00:00 +0000 UTC
905,Title 903,this is description of second task,Just Begin,0001-01-01 00:00:00 +0000 UTC,0001-01-01 00:00:00 +0000 UTC
80,Title 78,this is description of second task,Just Begin,0001-01-01 00:00:00 +0000 UTC,0001-01-01 00:00:00 +0000 UTC
85,Title 83,this is description of second task,Just Begin,0001-01-01 00:00:00 +0000 UTC,0001-01-01 00:00:00 +0000 UTC
494,Title 492,this is description of second task,Just Begin,0001-01-01 00:00:00 +0000 UTC,0001-01-01 00:00:00 +0000 UTC
536,Title 534,this is description of second task,Just Begin,0001-01-01 00:00:00 +0000 UTC,0001-01-01 00:00:00 +0000 UTC
626,Title 624,this is description of second task,Just Begin,0001-01-01 00:00:00 +0000 UTC,0001-01-01 00:00:00 +0000 UTC
640,Title 638,this is description of second task,Just Begin,0001-01-01 00:00:00 +0000 UTC,0001-01-01 00:00:00 +0000 UTC
875,Title 873,this is description of second task,Just Begin,0001-01-01 00:00:00 +0000 UTC,0001-01-01 00:00:00 +0000 UTC
929,Title 927,this is description of second task,Just Begin,0001-01-01 00:00:00 +0000 UTC,0001-01-01 00:00:00 +0000 UTC
958,Title 956,this is description of second task,Just Begin,0001-01-01 00:00:00 +0000 UTC,0001-01-01 00:00:00 +0000 UTC
990,Title 988,this is description of second task,Just Begin,0001-01-01 00:00:00 +0000 UTC,0001-01-01 00:00:00 +0000 UTC
338,Title 336,this is description of second task,Just Begin,0001-01-01 00:00:00 +0000 UTC,0001-01-01 00:00:00 +0000 UTC
576,Title 574,this is description of second task,Just Begin,0001-01-01 00:00:00 +0000 UTC,0001-01-01 00:00:00 +0000 UTC
784,Title 782,this is description of second task,Just Begin,0001-01-01 00:00:00 +0000 UTC,0001-01-01 00:00:00 +0000 UTC
972,Title 970,this is description of second task,Just Begin,0001-01-01 00:00:00 +0000 UTC,0001-01-01 00:00:00 +0000 UTC
164,Title 162,this is description of second task,Just Begin,0001-01-01 00:00:00 +0000 UTC,0001-01-01 00:00:00 +0000 UTC
246,Title 244,this is description of second task,Just Begin,0001-01-01 00:00:00 +0000 UTC,0001-01-01 00:00:00 +0000 UTC
454,Title 452,this is description of second task,Just Begin,0001-01-01 00:00:00 +0000 UTC,0001-01-01 00:00:00 +0000 UTC
483,Title 481,this is description of second task,Just Begin,0001-01-01 00:00:00 +0000 UTC,0001-01-01 00:00:00 +0000 UTC
600,Title 598,this is description of second task,Just Begin,0001-01-01 00:00:00 +0000 UTC,0001-01-01 00:00:00 +0000 UTC
917,Title 915,this is description of second task,Just Begin,0001-01-01 00:00:00 +0000 UTC,0001-01-01 00:00:00 +0000 UTC
66,Title 64,this is description of second task,Just Begin,0001-01-01 00:00:00 +0000 UTC,0001-01-01 00:00:00 +0000 UTC
129,Title 127,this is description of second task,Just Begin,0001-01-01 00:00:00 +0000 UTC,0001-01-01 00:00:00 +0000 UTC
288,Title 286,this is description of second task,Just Begin,0001-01-01 00:00:00 +0000 UTC,0001-01-01 00:00:00 +0000 UTC
412,Title 410,this is description of second task,Just Begin,0001-01-01 00:00:00 +0000 UTC,0001-01-01 00:00:00 +0000 UTC
909,Title 907,this is description of second task,Just Begin,0001-01-01 00:00:00 +0000 UTC,0001-01-01 00:00:00 +0000 UTC
204,Title 202,this is description of second task,Just Begin,0001-01-01 00:00:00 +0000 UTC,0001-01-01 00:00:00 +0000 UTC
228,Title 226,this is description of second task,Just Begin,0001-01-01 00:00:00 +0000 UTC,0001-01-01 00:00:00 +0000 UTC
328,Title 326,this is description of second task,Just Begin,0001-01-01 00:00:00 +0000 UTC,0001-01-01 00:00:00 +0000 UTC
344,Title 342,this is description of second task,Just Begin,0001-01-01 00:00:00 +0000 UTC,0001-01-01 00:00:00 +0000 UTC
786,Title 784,this is description of second task,Just Begin,0001-01-01 00:00:00 +0000 UTC,0001-01-01 00:00:00 +0000 UTC
463,Title 461,this is description of second task,Just Begin,0001-01-01 00:00:00 +0000 UTC,0001-01-01 00:00:00 +0000 UTC
800,Title 798,this is description of second task,Just Begin,0001-01-01 00:00:00 +0000 UTC,0001-01-01 00:00:00 +0000 UTC
812,Title 810,this is description of second task,Just Begin,0001-01-01 00:00:00 +0000 UTC,0001-01-01 00:00:00 +0000 UTC
300,Title 298,this is description of second task,Just Begin,0001-01-01 00:00:00 +0000 UTC,0001-01-01 00:00:00 +0000 UTC
476,Title 474,this is description of second task,Just Begin,0001-01-01 00:00:00 +0000 UTC,0001-01-01 00:00:00 +0000 UTC
750,Title 748,this is description of second task,Just Begin,0001-01-01 00:00:00 +0000 UTC,0001-01-01 00:00:00 +0000 UTC
188,Title 186,this is description of second task,Just Begin,0001-01-01 00:00:00 +0000 UTC,0001-01-01 00:00:00 +0000 UTC
263,Title 261,this is description of second task,Just Begin,0001-01-01 00:00:00 +0000 UTC,0001-01-01 00:00:00 +0000 UTC
497,Title 495,this is description of second task,Just Begin,0001-01-01 00:00:00 +0000 UTC,0001-01-01 00:00:00 +0000 UTC
693,Title 691,this is description of second task,Just Begin,0001-01-01 00:00:00 +0000 UTC,0001-01-01 00:00:00 +0000 UTC
91,Title 89,this is description of second task,Just Begin,0001-01-01 00:00:00 +0000 UTC,0001-01-01 00:00:00 +0000 UTC
216,Title 214,this is description of second task,Just Begin,0001-01-01 00:00:00 +0000 UTC,0001-01-01 00:00:00 +0000 UTC
318,Title 316,this is description of second task,Just Begin,0001-01-01 00:00:00 +0000 UTC,0001-01-01 00:00:00 +0000 UTC
526,Title 524,this is description of second task,Just Begin,0001-01-01 00:00:00 +0000 UTC,0001-01-01 00:00:00 +0000 UTC
533,Title 531,this is description of second task,Just Begin,0001-01-01 00:00:00 +0000 UTC,0001-01-01 00:00:00 +0000 UTC
606,Title 604,this is description of second task,Just Begin,0001-01-01 00:00:00 +0000 UTC,0001-01-01 00:00:00 +0000 UTC
962,Title 960,this is description of second task,Just Begin,0001-01-01 00:00:00 +0000 UTC,0001-01-01 00:00:00 +0000 UTC
138,Title 136,this is description of second task,Just Begin,0001-01-01 00:00:00 +0000 UTC,0001-01-01 00:00:00 +0000 UTC
679,Title 677,this is description of second task,Just Begin,0001-01-01 00:00:00 +0000 UTC,0001-01-01 00:00:00 +0000 UTC
882,Title 880,this is description of second task,Just Begin,0001-01-01 00:00:00 +0000 UTC,0001-01-01 00:00:00 +0000 UTC
319,Title 317,this is description of second task,Just Begin,0001-01-01 00:00:00 +0000 UTC,0001-01-01 00:00:00 +0000 UTC
716,Title 714,this is description of second task,Just Begin,0001-01-01 00:00:00 +0000 UTC,0001-01-01 00:00:00 +0000 UTC
1,Title 100,this is description of second task,Just Begin,0001-01-01 00:00:00 +0000 UTC,0001-01-01 00:00:00 +0000 UTC
123,Title 121,this is description of second task,Just Begin,0001-01-01 00:00:00 +0000 UTC,0001-01-01 00:00:00 +0000 UTC
260,Title 258,this is description of second task,Just Begin,0001-01-01 00:00:00 +0000 UTC,0001-01-01 00:00:00 +0000 UTC
299,Title 297,this is description of second task,Just Begin,0001-01-01 00:00:00 +0000 UTC,0001-01-01 00:00:00 +0000 UTC
502,Title 500,this is description of second task,Just Begin,0001-01-01 00:00:00 +0000 UTC,0001-01-01 00:00:00 +0000 UTC
840,Title 838,this is description of second task,Just Begin,0001-01-01 00:00:00 +0000 UTC,0001-01-01 00:00:00 +0000 UTC
892,Title 890,this is description of second task,Just Begin,0001-01-01 00:00:00 +0000 UTC,0001-01-01 00:00:00 +0000 UTC
110,Title 108,this is description of second task,Just Begin,0001-01-01 00:00:00 +0000 UTC,0001-01-01 00:00:00 +0000 UTC
243,Title 241,this is description of second task,Just Begin,0001-01-01 00:00:00 +0000 UTC,0001-01-01 00:00:00 +0000 UTC
401,Title 399,this is description of second task,Just Begin,0001-01-01 00:00:00 +0000 UTC,0001-01-01 00:00:00 +0000 UTC
762,Title 760,this is description of second task,Just Begin,0001-01-01 00:00:00 +0000 UTC,0001-01-01 00:00:00 +0000 UTC
429,Title 427,this is description of second task,Just Begin,0001-01-01 00:00:00 +0000 UTC,0001-01-01 00:00:00 +0000 UTC
685,Title 683,this is description of second task,Just Begin,0001-01-01 00:00:00 +0000 UTC,0001-01-01 00:00:00 +0000 UTC
705,Title 703,this is description of second task,Just Begin,0001-01-01 00:00:00 +0000 UTC,0001-01-01 00:00:00 +0000 UTC
83,Title 81,this is description of second task,Just Begin,0001-01-01 00:00:00 +0000 UTC,0001-01-01 00:00:00 +0000 UTC
95,Title 93,this is description of second task,Just Begin,0001-01-01 00:00:00 +0000 UTC,0001-01-01 00:00:00 +0000 UTC
218,Title 216,this is description of second task,Just Begin,0001-01-01 00:00:00 +0000 UTC,0001-01-01 00:00:00 +0000 UTC
472,Title 470,this is description of second task,Just Begin,0001-01-01 00:00:00 +0000 UTC,0001-01-01 00:00:00 +0000 UTC
482,Title 480,this is description of second task,Just Begin,0001-01-01 00:00:00 +0000 UTC,0001-01-01 00:00:00 +0000 UTC
632,Title 630,this is description of second task,Just Begin,0001-01-01 00:00:00 +0000 UTC,0001-01-01 00:00:00 +0000 UTC
729,Title 727,this is description of second task,Just Begin,0001-01-01 00:00:00 +0000 UTC,0001-01-01 00:00:00 +0000 UTC
445,Title 443,this is description of second task,Just Begin,0001-01-01 00:00:00 +0000 UTC,0001-01-01 00:00:00 +0000 UTC
667,Title 665,this is description of second task,Just Begin,0001-01-01 00:00:00 +0000 UTC,0001-01-01 00:00:00 +0000 UTC
731,Title 729,this is description of second task,Just Begin,0001-01-01 00:00:00 +0000 UTC,0001-01-01 00:00:00 +0000 UTC
775,Title 773,this is description of second task,Just Begin,0001-01-01 00:00:00 +0000 UTC,0001-01-01 00:00:00 +0000 UTC
932,Title 930,this is description of second task,Just Begin,0001-01-01 00:00:00 +0000 UTC,0001-01-01 00:00:00 +0000 UTC
975,Title 973,this is description of second task,Just Begin,0001-01-01 00:00:00 +0000 UTC,0001-01-01 00:00:00 +0000 UTC
986,Title 984,this is description of second task,Just Begin,0001-01-01 00:00:00 +0000 UTC,0001-01-01 00:00:00 +0000 UTC
255,Title 253,this is description of second task,Just Begin,0001-01-01 00:00:00 +0000 UTC,0001-01-01 00:00:00 +0000 UTC
373,Title 371,this is description of second task,Just Begin,0001-01-01 00:00:00 +0000 UTC,0001-01-01 00:00:00 +0000 UTC
477,Title 475,this is description of second task,Just Begin,0001-01-01 00:00:00 +0000 UTC,0001-01-01 00:00:00 +0000 UTC
855,Title 853,this is description of second task,Just Begin,0001-01-01 00:00:00 +0000 UTC,0001-01-01 00:00:00 +0000 UTC
249,Title 247,this is description of second task,Just Begin,0001-01-01 00:00:00 +0000 UTC,0001-01-01 00:00:00 +0000 UTC
384,Title 382,this is description of second task,Just Begin,0001-01-01 00:00:00 +0000 UTC,0001-01-01 00:00:00 +0000 UTC
492,Title 490,this is description of second task,Just Begin,0001-01-01 00:00:00 +0000 UTC,0001-01-01 00:00:00 +0000 UTC
769,Title 767,this is description of second task,Just Begin,0001-01-01 00:00:00 +0000 UTC,0001-01-01 00:00:00 +0000 UTC
974,Title 972,this is description of second task,Just Begin,0001-01-01 00:00:00 +0000 UTC,0001-01-01 00:00:00 +0000 UTC
996,Title 994,this is description of second task,Just Begin,0001-01-01 00:00:00 +0000 UTC,0001-01-01 00:00:00 +0000 UTC
67,Title 65,this is description of second task,Just Begin,0001-01-01 00:00:00 +0000 UTC,0001-01-01 00:00:00 +0000 UTC
459,Title 457,this is description of second task,Just Begin,0001-01-01 00:00:00 +0000 UTC,0001-01-01 00:00:00 +0000 UTC
504,Title 502,this is description of second task,Just Begin,0001-01-01 00:00:00 +0000 UTC,0001-01-01 00:00:00 +0000 UTC
921,Title 919,this is description of second task,Just Begin,0001-01-01 00:00:00 +0000 UTC,0001-01-01 00:00:00 +0000 UTC
579,Title 577,this is description of second task,Just Begin,0001-01-01 00:00:00 +0000 UTC,0001-01-01 00:00:00 +0000 UTC
633,Title 631,this is description of second task,Just Begin,0001-01-01 00:00:00 +0000 UTC,0001-01-01 00:00:00 +0000 UTC
234,Title 232,this is description of second task,Just Begin,0001-01-01 00:00:00 +0000 UTC,0001-01-01 00:00:00 +0000 UTC
613,Title 611,this is description of second task,Just Begin,0001-01-01 00:00:00 +0000 UTC,0001-01-01 00:00:00 +0000 UTC
987,Title 985,this is description of second task,Just Begin,0001-01-01 00:00:00 +0000 UTC,0001-01-01 00:00:00 +0000 UTC
39,Title 37,this is description of second task,Just Begin,0001-01-01 00:00:00 +0000 UTC,0001-01-01 00:00:00 +0000 UTC
253,Title 251,this is description of second task,Just Begin,0001-01-01 00:00:00 +0000 UTC,0001-01-01 00:00:00 +0000 UTC
583,Title 581,this is description of second task,Just Begin,0001-01-01 00:00:00 +0000 UTC,0001-01-01 00:00:00 +0000 UTC
697,Title 695,this is description of second task,Just Begin,0001-01-01 00:00:00 +0000 UTC,0001-01-01 00:00:00 +0000 UTC
700,Title 698,this is description of second task,Just Begin,0001-01-01 00:00:00 +0000 UTC,0001-01-01 00:00:00 +0000 UTC
849,Title 847,this is description of second task,Just Begin,0001-01-01 00:00:00 +0000 UTC,0001-01-01 00:00:00 +0000 UTC
891,Title 889,this is description of second task,Just Begin,0001-01-01 00:00:00 +0000 UTC,0001-01-01 00:00:00 +0000 UTC
776,Title 774,this is description of second task,Just Begin,0001-01-01 00:00:00 +0000 UTC,0001-01-01 00:00:00 +0000 UTC
49,Title 47,this is description of second task,Just Begin,0001-01-01 00:00:00 +0000 UTC,0001-01-01 00:00:00 +0000 UTC
265,Title 263,this is description of second task,Just Begin,0001-01-01 00:00:00 +0000 UTC,0001-01-01 00:00:00 +0000 UTC
304,Title 302,this is description of second task,Just Begin,0001-01-01 00:00:00 +0000 UTC,0001-01-01 00:00:00 +0000 UTC
732,Title 730,this is description of second task,Just Begin,0001-01-01 00:00:00 +0000 UTC,0001-01-01 00:00:00 +0000 UTC
747,Title 745,this is description of second task,Just Begin,0001-01-01 00:00:00 +0000 UTC,0001-01-01 00:00:00 +0000 UTC
642,Title 640,this is description of second task,Just Begin,0001-01-01 00:00:00 +0000 UTC,0001-01-01 00:00:00 +0000 UTC
702,Title 700,this is description of second task,Just Begin,0001-01-01 00:00:00 +0000 UTC,0001-01-01 00:00:00 +0000 UTC
155,Title 153,this is description of second task,Just Begin,0001-01-01 00:00:00 +0000 UTC,0001-01-01 00:00:00 +0000 UTC
241,Title 239,this is description of second task,Just Begin,0001-01-01 00:00:00 +0000 UTC,0001-01-01 00:00:00 +0000 UTC
940,Title 938,this is description of second task,Just Begin,0001-01-01 00:00:00 +0000 UTC,0001-01-01 00:00:00 +0000 UTC
329,Title 327,this is description of second task,Just Begin,0001-01-01 00:00:00 +0000 UTC,0001-01-01 00:00:00 +0000 UTC
933,Title 931,this is description of second task,Just Begin,0001-01-01 00:00:00 +0000 UTC,0001-01-01 00:00:00 +0000 UTC
853,Title 851,this is description of second task,Just Begin,0001-01-01 00:00:00 +0000 UTC,0001-01-01 00:00:00 +0000 UTC
55,Title 53,this is description of second task,Just Begin,0001-01-01 00:00:00 +0000 UTC,0001-01-01 00:00:00 +0000 UTC
189,Title 187,this is description of second task,Just Begin,0001-01-01 00:00:00 +0000 UTC,0001-01-01 00:00:00 +0000 UTC
283,Title 281,this is description of second task,Just Begin,0001-01-01 00:00:00 +0000 UTC,0001-01-01 00:00:00 +0000 UTC
383,Title 381,this is description of second task,Just Begin,0001-01-01 00:00:00 +0000 UTC,0001-01-01 00:00:00 +0000 UTC
570,Title 568,this is description of second task,Just Begin,0001-01-01 00:00:00 +0000 UTC,0001-01-01 00:00:00 +0000 UTC
673,Title 671,this is description of second task,Just Begin,0001-01-01 00:00:00 +0000 UTC,0001-01-01 00:00:00 +0000 UTC
773,Title 771,this is description of second task,Just Begin,0001-01-01 00:00:00 +0000 UTC,0001-01-01 00:00:00 +0000 UTC
863,Title 861,this is description of second task,Just Begin,0001-01-01 00:00:00 +0000 UTC,0001-01-01 00:00:00 +0000 UTC
916,Title 914,this is description of second task,Just Begin,0001-01-01 00:00:00 +0000 UTC,0001-01-01 00:00:00 +0000 UTC
785,Title 783,this is description of second task,Just Begin,0001-01-01 00:00:00 +0000 UTC,0001-01-01 00:00:00 +0000 UTC
754,Title 752,this is description of second task,Just Begin,0001-01-01 00:00:00 +0000 UTC,0001-01-01 00:00:00 +0000 UTC
842,Title 840,this is description of second task,Just Begin,0001-01-01 00:00:00 +0000 UTC,0001-01-01 00:00:00 +0000 UTC
11,Title 9,this is description of second task,Just Begin,0001-01-01 00:00:00 +0000 UTC,0001-01-01 00:00:00 +0000 UTC
185,Title 183,this is description of second task,Just Begin,0001-01-01 00:00:00 +0000 UTC,0001-01-01 00:00:00 +0000 UTC
520,Title 518,this is description of second task,Just Begin,0001-01-01 00:00:00 +0000 UTC,0001-01-01 00:00:00 +0000 UTC
963,Title 961,this is description of second task,Just Begin,0001-01-01 00:00:00 +0000 UTC,0001-01-01 00:00:00 +0000 UTC
2,Title 0,this is description of second task,Just Begin,0001-01-01 00:00:00 +0000 UTC,0001-01-01 00:00:00 +0000 UTC
527,Title 525,this is description of second task,Just Begin,0001-01-01 00:00:00 +0000 UTC,0001-01-01 00:00:00 +0000 UTC
105,Title 103,this is description of second task,Just Begin,0001-01-01 00:00:00 +0000 UTC,0001-01-01 00:00:00 +0000 UTC
205,Title 203,this is description of second task,Just Begin,0001-01-01 00:00:00 +0000 UTC,0001-01-01 00:00:00 +0000 UTC
575,Title 573,this is description of second task,Just Begin,0001-01-01 00:00:00 +0000 UTC,0001-01-01 00:00:00 +0000 UTC
637,Title 635,this is description of second task,Just Begin,0001-01-01 00:00:00 +0000 UTC,0001-01-01 00:00:00 +0000 UTC
223,Title 221,this is description of second task,Just Begin,0001-01-01 00:00:00 +0000 UTC,0001-01-01 00:00:00 +0000 UTC
297,Title 295,this is description of second task,Just Begin,0001-01-01 00:00:00 +0000 UTC,0001-01-01 00:00:00 +0000 UTC
402,Title 400,this is description of second task,Just Begin,0001-01-01 00:00:00 +0000 UTC,0001-01-01 00:00:00 +0000 UTC
513,Title 511,this is description of second task,Just Begin,0001-01-01 00:00:00 +0000 UTC,0001-01-01 00:00:00 +0000 UTC
698,Title 696,this is description of second task,Just Begin,0001-01-01 00:00:00 +0000 UTC,0001-01-01 00:00:00 +0000 UTC
728,Title 726,this is description of second task,Just Begin,0001-01-01 00:00:00 +0000 UTC,0001-01-01 00:00:00 +0000 UTC
7,Title 5,this is description of second task,Just Begin,0001-01-01 00:00:00 +0000 UTC,0001-01-01 00:00:00 +0000 UTC
214,Title 212,this is description of second task,Just Begin,0001-01-01 00:00:00 +0000 UTC,0001-01-01 00:00:00 +0000 UTC
745,Title 743,this is description of second task,Just Begin,0001-01-01 00:00:00 +0000 UTC,0001-01-01 00:00:00 +0000 UTC
848,Title 846,this is description of second task,Just Begin,0001-01-01 00:00:00 +0000 UTC,0001-01-01 00:00:00 +0000 UTC
902,Title 900,this is description of second task,Just Begin,0001-01-01 00:00:00 +0000 UTC,0001-01-01 00:00:00 +0000 UTC
939,Title 937,this is description of second task,Just Begin,0001-01-01 00:00:00 +0000 UTC,0001-01-01 00:00:00 +0000 UTC
406,Title 404,this is description of second task,Just Begin,0001-01-01 00:00:00 +0000 UTC,0001-01-01 00:00:00 +0000 UTC
596,Title 594,this is description of second task,Just Begin,0001-01-01 00:00:00 +0000 UTC,0001-01-01 00:00:00 +0000 UTC
634,Title 632,this is description of second task,Just Begin,0001-01-01 00:00:00 +0000 UTC,0001-01-01 00:00:00 +0000 UTC
653,Title 651,this is description of second task,Just Begin,0001-01-01 00:00:00 +0000 UTC,0001-01-01 00:00:00 +0000 UTC
75,Title 73,this is description of second task,Just Begin,0001-01-01 00:00:00 +0000 UTC,0001-01-01 00:00:00 +0000 UTC
136,Title 134,this is description of second task,Just Begin,0001-01-01 00:00:00 +0000 UTC,0001-01-01 00:00:00 +0000 UTC
294,Title 292,this is description of second task,Just Begin,0001-01-01 00:00:00 +0000 UTC,0001-01-01 00:00:00 +0000 UTC
301,Title 299,this is description of second task,Just Begin,0001-01-01 00:00:00 +0000 UTC,0001-01-01 00:00:00 +0000 UTC
670,Title 668,this is description of second task,Just Begin,0001-01-01 00:00:00 +0000 UTC,0001-01-01 00:00:00 +0000 UTC
866,Title 864,this is description of second task,Just Begin,0001-01-01 00:00:00 +0000 UTC,0001-01-01 00:00:00 +0000 UTC
240,Title 238,this is description of second task,Just Begin,0001-01-01 00:00:00 +0000 UTC,0001-01-01 00:00:00 +0000 UTC
544,Title 542,this is description of second task,Just Begin,0001-01-01 00:00:00 +0000 UTC,0001-01-01 00:00:00 +0000 UTC
54,Title 52,this is description of second task,Just Begin,0001-01-01 00:00:00 +0000 UTC,0001-01-01 00:00:00 +0000 UTC
56,Title 54,this is description of second task,Just Begin,0001-01-01 00:00:00 +0000 UTC,0001-01-01 00:00:00 +0000 UTC
273,Title 271,this is description of second task,Just Begin,0001-01-01 00:00:00 +0000 UTC,0001-01-01 00:00:00 +0000 UTC
850,Title 848,this is description of second task,Just Begin,0001-01-01 00:00:00 +0000 UTC,0001-01-01 00:00:00 +0000 UTC
310,Title 308,this is description of second task,Just Begin,0001-01-01 00:00:00 +0000 UTC,0001-01-01 00:00:00 +0000 UTC
316,Title 314,this is description of second task,Just Begin,0001-01-01 00:00:00 +0000 UTC,0001-01-01 00:00:00 +0000 UTC
387,Title 385,this is description of second task,Just Begin,0001-01-01 00:00:00 +0000 UTC,0001-01-01 00:00:00 +0000 UTC
718,Title 716,this is description of second task,Just Begin,0001-01-01 00:00:00 +0000 UTC,0001-01-01 00:00:00 +0000 UTC
8,Title 6,this is description of second task,Just Begin,0001-01-01 00:00:00 +0000 UTC,0001-01-01 00:00:00 +0000 UTC
12,Title 10,this is description of second task,Just Begin,0001-01-01 00:00:00 +0000 UTC,0001-01-01 00:00:00 +0000 UTC
25,Title 23,this is description of second task,Just Begin,0001-01-01 00:00:00 +0000 UTC,0001-01-01 00:00:00 +0000 UTC
208,Title 206,this is description of second task,Just Begin,0001-01-01 00:00:00 +0000 UTC,0001-01-01 00:00:00 +0000 UTC
703,Title 701,this is description of second task,Just Begin,0001-01-01 00:00:00 +0000 UTC,0001-01-01 00:00:00 +0000 UTC
915,Title 913,this is description of second task,Just Begin,0001-01-01 00:00:00 +0000 UTC,0001-01-01 00:00:00 +0000 UTC
980,Title 978,this is description of second task,Just Begin,0001-01-01 00:00:00 +0000 UTC,0001-01-01 00:00:00 +0000 UTC
